Year,State,Commodity,Criteria,Value($/BU)
2015,COLORADO,Spring Wheat,Price Received,3.9
2015,COLORADO,Spring Wheat,Price Received, (D)
2015,COLORADO,Spring Wheat,Price Received, (D)
2015,COLORADO,Spring Wheat,Price Received, (D)
2015,COLORADO,Spring Wheat,Price Received, (D)
2015,COLORADO,Spring Wheat,Price Received, (D)
2015,COLORADO,Spring Wheat,Price Received, (D)
2015,COLORADO,Spring Wheat,Price Received, (D)
2015,COLORADO,Spring Wheat,Price Received, (D)
2015,COLORADO,Spring Wheat,Price Received,3.97
2015,COLORADO,Spring Wheat,Price Received,4.07
2015,COLORADO,Spring Wheat,Price Received, (D)
2015,COLORADO,Spring Wheat,Price Received, (D)
2014,COLORADO,Spring Wheat,Price Received,4.91
2014,COLORADO,Spring Wheat,Price Received, (D)
2014,COLORADO,Spring Wheat,Price Received, (S)
2014,COLORADO,Spring Wheat,Price Received, (D)
2014,COLORADO,Spring Wheat,Price Received, (D)
2014,COLORADO,Spring Wheat,Price Received, (S)
2014,COLORADO,Spring Wheat,Price Received, (S)
2014,COLORADO,Spring Wheat,Price Received, (D)
2014,COLORADO,Spring Wheat,Price Received, (D)
2014,COLORADO,Spring Wheat,Price Received, (D)
2014,COLORADO,Spring Wheat,Price Received, (D)
2014,COLORADO,Spring Wheat,Price Received, (D)
2014,COLORADO,Spring Wheat,Price Received, (D)
2013,COLORADO,Spring Wheat,Price Received,6.42
2013,COLORADO,Spring Wheat,Price Received, (S)
2013,COLORADO,Spring Wheat,Price Received, (S)
2013,COLORADO,Spring Wheat,Price Received, (D)
2013,COLORADO,Spring Wheat,Price Received, (D)
2013,COLORADO,Spring Wheat,Price Received, (S)
2013,COLORADO,Spring Wheat,Price Received, (S)
2013,COLORADO,Spring Wheat,Price Received, (S)
2013,COLORADO,Spring Wheat,Price Received, (S)
2013,COLORADO,Spring Wheat,Price Received, (D)
2013,COLORADO,Spring Wheat,Price Received, (D)
2013,COLORADO,Spring Wheat,Price Received, (S)
2013,COLORADO,Spring Wheat,Price Received, (S)
2012,COLORADO,Spring Wheat,Price Received,7.48
2012,COLORADO,Spring Wheat,Price Received, (D)
2012,COLORADO,Spring Wheat,Price Received, (D)
2012,COLORADO,Spring Wheat,Price Received,6.18
2012,COLORADO,Spring Wheat,Price Received, (D)
2012,COLORADO,Spring Wheat,Price Received, (D)
2012,COLORADO,Spring Wheat,Price Received, (D)
2012,COLORADO,Spring Wheat,Price Received, (D)
2012,COLORADO,Spring Wheat,Price Received, (D)
2012,COLORADO,Spring Wheat,Price Received, (D)
2012,COLORADO,Spring Wheat,Price Received, (D)
2012,COLORADO,Spring Wheat,Price Received, (D)
2012,COLORADO,Spring Wheat,Price Received, (D)
2011,COLORADO,Spring Wheat,Price Received,5.94
2011,COLORADO,Spring Wheat,Price Received, (D)
2011,COLORADO,Spring Wheat,Price Received, (D)
2011,COLORADO,Spring Wheat,Price Received, (D)
2011,COLORADO,Spring Wheat,Price Received, (D)
2011,COLORADO,Spring Wheat,Price Received, (S)
2011,COLORADO,Spring Wheat,Price Received, (S)
2011,COLORADO,Spring Wheat,Price Received, (S)
2011,COLORADO,Spring Wheat,Price Received, (D)
2011,COLORADO,Spring Wheat,Price Received, (D)
2011,COLORADO,Spring Wheat,Price Received,5.67
2011,COLORADO,Spring Wheat,Price Received,6.22
2011,COLORADO,Spring Wheat,Price Received,5.64
2010,COLORADO,Spring Wheat,Price Received,5.51
2010,COLORADO,Spring Wheat,Price Received, (S)
2010,COLORADO,Spring Wheat,Price Received, (D)
2010,COLORADO,Spring Wheat,Price Received,3.82
2010,COLORADO,Spring Wheat,Price Received,4.53
2010,COLORADO,Spring Wheat,Price Received, (D)
2010,COLORADO,Spring Wheat,Price Received, (D)
2010,COLORADO,Spring Wheat,Price Received, (D)
2010,COLORADO,Spring Wheat,Price Received, (D)
2009,COLORADO,Spring Wheat,Price Received,4.19
2008,COLORADO,Spring Wheat,Price Received,10.5
2007,COLORADO,Spring Wheat,Price Received,9.28
2007,COLORADO,Spring Wheat,Price Received,6.79
2006,COLORADO,Spring Wheat,Price Received,4.88
2005,COLORADO,Spring Wheat,Price Received,3.9
2004,COLORADO,Spring Wheat,Price Received,3.29
2004,COLORADO,Spring Wheat,Price Received,3.19
2003,COLORADO,Spring Wheat,Price Received,3.85
2003,COLORADO,Spring Wheat,Price Received,3.13
2003,COLORADO,Spring Wheat,Price Received,3.86
2003,COLORADO,Spring Wheat,Price Received,4.02
2003,COLORADO,Spring Wheat,Price Received,3.72
2003,COLORADO,Spring Wheat,Price Received,3.87
2003,COLORADO,Spring Wheat,Price Received,3.92
2002,COLORADO,Spring Wheat,Price Received,3.66
2002,COLORADO,Spring Wheat,Price Received,2.74
2002,COLORADO,Spring Wheat,Price Received,3.32
2002,COLORADO,Spring Wheat,Price Received,3.46
2002,COLORADO,Spring Wheat,Price Received,4.14
2002,COLORADO,Spring Wheat,Price Received,4.33
2002,COLORADO,Spring Wheat,Price Received,4.27
2002,COLORADO,Spring Wheat,Price Received,4.02
2001,COLORADO,Spring Wheat,Price Received,2.63
2001,COLORADO,Spring Wheat,Price Received,2.73
2001,COLORADO,Spring Wheat,Price Received,2.5
2001,COLORADO,Spring Wheat,Price Received,2.74
2001,COLORADO,Spring Wheat,Price Received,2.52
2001,COLORADO,Spring Wheat,Price Received,2.77
2001,COLORADO,Spring Wheat,Price Received,2.56
2001,COLORADO,Spring Wheat,Price Received,2.59
2001,COLORADO,Spring Wheat,Price Received,2.52
2001,COLORADO,Spring Wheat,Price Received,2.57
2001,COLORADO,Spring Wheat,Price Received,2.88
2001,COLORADO,Spring Wheat,Price Received,2.82
2000,COLORADO,Spring Wheat,Price Received,2.48
2000,COLORADO,Spring Wheat,Price Received,2.18
2000,COLORADO,Spring Wheat,Price Received,1.72
2000,COLORADO,Spring Wheat,Price Received,2
2000,COLORADO,Spring Wheat,Price Received,1.63
2000,COLORADO,Spring Wheat,Price Received,2.07
2000,COLORADO,Spring Wheat,Price Received,2.17
2000,COLORADO,Spring Wheat,Price Received,2.19
2000,COLORADO,Spring Wheat,Price Received,2.25
2000,COLORADO,Spring Wheat,Price Received,2.19
2000,COLORADO,Spring Wheat,Price Received,2.5
2000,COLORADO,Spring Wheat,Price Received,2.54
2000,COLORADO,Spring Wheat,Price Received,2.6
2015,IDAHO,Spring Wheat,Price Received,5.5
2015,IDAHO,Spring Wheat,Price Received,6.22
2015,IDAHO,Spring Wheat,Price Received,6.27
2015,IDAHO,Spring Wheat,Price Received,6.51
2015,IDAHO,Spring Wheat,Price Received,6.62
2015,IDAHO,Spring Wheat,Price Received,6.53
2015,IDAHO,Spring Wheat,Price Received,5.83
2015,IDAHO,Spring Wheat,Price Received,5.88
2015,IDAHO,Spring Wheat,Price Received, (D)
2015,IDAHO,Spring Wheat,Price Received,5.03
2015,IDAHO,Spring Wheat,Price Received,5.4
2015,IDAHO,Spring Wheat,Price Received,5.13
2015,IDAHO,Spring Wheat,Price Received,5.4
2014,IDAHO,Spring Wheat,Price Received,6.49
2014,IDAHO,Spring Wheat,Price Received, (D)
2014,IDAHO,Spring Wheat,Price Received,7.12
2014,IDAHO,Spring Wheat,Price Received,7.63
2014,IDAHO,Spring Wheat,Price Received,7.37
2014,IDAHO,Spring Wheat,Price Received,7.29
2014,IDAHO,Spring Wheat,Price Received,7.09
2014,IDAHO,Spring Wheat,Price Received,6.6
2014,IDAHO,Spring Wheat,Price Received,6.35
2014,IDAHO,Spring Wheat,Price Received,6.69
2014,IDAHO,Spring Wheat,Price Received,6.48
2014,IDAHO,Spring Wheat,Price Received,7.05
2014,IDAHO,Spring Wheat,Price Received,6.41
2013,IDAHO,Spring Wheat,Price Received,7.12
2013,IDAHO,Spring Wheat,Price Received,8.02
2013,IDAHO,Spring Wheat,Price Received,8.21
2013,IDAHO,Spring Wheat,Price Received,8.06
2013,IDAHO,Spring Wheat,Price Received,8.14
2013,IDAHO,Spring Wheat,Price Received,8.12
2013,IDAHO,Spring Wheat,Price Received,7.97
2013,IDAHO,Spring Wheat,Price Received,7.76
2013,IDAHO,Spring Wheat,Price Received,6.9
2013,IDAHO,Spring Wheat,Price Received,7.21
2013,IDAHO,Spring Wheat,Price Received,6.9
2013,IDAHO,Spring Wheat,Price Received,7.09
2013,IDAHO,Spring Wheat,Price Received, (D)
2012,IDAHO,Spring Wheat,Price Received,8.11
2012,IDAHO,Spring Wheat,Price Received,7.42
2012,IDAHO,Spring Wheat,Price Received,7.62
2012,IDAHO,Spring Wheat,Price Received,7.85
2012,IDAHO,Spring Wheat,Price Received,7.66
2012,IDAHO,Spring Wheat,Price Received,7.96
2012,IDAHO,Spring Wheat,Price Received,7.53
2012,IDAHO,Spring Wheat,Price Received,8
2012,IDAHO,Spring Wheat,Price Received,7.75
2012,IDAHO,Spring Wheat,Price Received,8.15
2012,IDAHO,Spring Wheat,Price Received,8.39
2012,IDAHO,Spring Wheat,Price Received,8.5
2012,IDAHO,Spring Wheat,Price Received,8.32
2011,IDAHO,Spring Wheat,Price Received,7.52
2011,IDAHO,Spring Wheat,Price Received,6.35
2011,IDAHO,Spring Wheat,Price Received,7.48
2011,IDAHO,Spring Wheat,Price Received,7.51
2011,IDAHO,Spring Wheat,Price Received,8.3
2011,IDAHO,Spring Wheat,Price Received,8.4
2011,IDAHO,Spring Wheat,Price Received,8.73
2011,IDAHO,Spring Wheat,Price Received,8.72
2011,IDAHO,Spring Wheat,Price Received,7.26
2011,IDAHO,Spring Wheat,Price Received,7.43
2011,IDAHO,Spring Wheat,Price Received,7.08
2011,IDAHO,Spring Wheat,Price Received,7.32
2011,IDAHO,Spring Wheat,Price Received,7.26
2010,IDAHO,Spring Wheat,Price Received,6.33
2010,IDAHO,Spring Wheat,Price Received,5.63
2010,IDAHO,Spring Wheat,Price Received,5.16
2010,IDAHO,Spring Wheat,Price Received,5.51
2010,IDAHO,Spring Wheat,Price Received,5.15
2010,IDAHO,Spring Wheat,Price Received,4.82
2010,IDAHO,Spring Wheat,Price Received,4.61
2010,IDAHO,Spring Wheat,Price Received,4.6
2010,IDAHO,Spring Wheat,Price Received,4.9
2010,IDAHO,Spring Wheat,Price Received,5.47
2010,IDAHO,Spring Wheat,Price Received,5.87
2010,IDAHO,Spring Wheat,Price Received,6.31
2010,IDAHO,Spring Wheat,Price Received,6.23
2009,IDAHO,Spring Wheat,Price Received,5.18
2009,IDAHO,Spring Wheat,Price Received,7.27
2009,IDAHO,Spring Wheat,Price Received,5.72
2009,IDAHO,Spring Wheat,Price Received,5.74
2009,IDAHO,Spring Wheat,Price Received,5.5
2009,IDAHO,Spring Wheat,Price Received,5.96
2009,IDAHO,Spring Wheat,Price Received,5.93
2009,IDAHO,Spring Wheat,Price Received,5.2
2009,IDAHO,Spring Wheat,Price Received,5.14
2009,IDAHO,Spring Wheat,Price Received,5.37
2009,IDAHO,Spring Wheat,Price Received,5.03
2009,IDAHO,Spring Wheat,Price Received,4.94
2009,IDAHO,Spring Wheat,Price Received,5.14
2008,IDAHO,Spring Wheat,Price Received,6.86
2008,IDAHO,Spring Wheat,Price Received,6.88
2008,IDAHO,Spring Wheat,Price Received,9.44
2008,IDAHO,Spring Wheat,Price Received,10.8
2008,IDAHO,Spring Wheat,Price Received,13.4
2008,IDAHO,Spring Wheat,Price Received,7.11
2008,IDAHO,Spring Wheat,Price Received,8.47
2008,IDAHO,Spring Wheat,Price Received,6.59
2008,IDAHO,Spring Wheat,Price Received,7.73
2008,IDAHO,Spring Wheat,Price Received,8.01
2008,IDAHO,Spring Wheat,Price Received,7.38
2008,IDAHO,Spring Wheat,Price Received,7.1
2008,IDAHO,Spring Wheat,Price Received,7.46
2007,IDAHO,Spring Wheat,Price Received,6.6
2007,IDAHO,Spring Wheat,Price Received,4.54
2007,IDAHO,Spring Wheat,Price Received,4.76
2007,IDAHO,Spring Wheat,Price Received,4.95
2007,IDAHO,Spring Wheat,Price Received,5.04
2007,IDAHO,Spring Wheat,Price Received,5.03
2007,IDAHO,Spring Wheat,Price Received,5.22
2007,IDAHO,Spring Wheat,Price Received,5.34
2007,IDAHO,Spring Wheat,Price Received,5.37
2007,IDAHO,Spring Wheat,Price Received,6.1
2007,IDAHO,Spring Wheat,Price Received,6.91
2007,IDAHO,Spring Wheat,Price Received,6.33
2007,IDAHO,Spring Wheat,Price Received,7.06
2006,IDAHO,Spring Wheat,Price Received,4.37
2006,IDAHO,Spring Wheat,Price Received,3.54
2006,IDAHO,Spring Wheat,Price Received,3.81
2006,IDAHO,Spring Wheat,Price Received,3.7
2006,IDAHO,Spring Wheat,Price Received,3.83
2006,IDAHO,Spring Wheat,Price Received,3.62
2006,IDAHO,Spring Wheat,Price Received,3.7
2006,IDAHO,Spring Wheat,Price Received,3.75
2006,IDAHO,Spring Wheat,Price Received,3.81
2006,IDAHO,Spring Wheat,Price Received,4.1
2006,IDAHO,Spring Wheat,Price Received,4.23
2006,IDAHO,Spring Wheat,Price Received,4.54
2006,IDAHO,Spring Wheat,Price Received,4.16
2005,IDAHO,Spring Wheat,Price Received,3.59
2005,IDAHO,Spring Wheat,Price Received,3.9
2005,IDAHO,Spring Wheat,Price Received,3.94
2005,IDAHO,Spring Wheat,Price Received,3.95
2005,IDAHO,Spring Wheat,Price Received,3.8
2005,IDAHO,Spring Wheat,Price Received,3.69
2005,IDAHO,Spring Wheat,Price Received,3.76
2005,IDAHO,Spring Wheat,Price Received,3.8
2005,IDAHO,Spring Wheat,Price Received,3.39
2005,IDAHO,Spring Wheat,Price Received,3.56
2005,IDAHO,Spring Wheat,Price Received,3.45
2005,IDAHO,Spring Wheat,Price Received,3.54
2005,IDAHO,Spring Wheat,Price Received,3.61
2004,IDAHO,Spring Wheat,Price Received,3.82
2004,IDAHO,Spring Wheat,Price Received,3.62
2004,IDAHO,Spring Wheat,Price Received,3.79
2004,IDAHO,Spring Wheat,Price Received,3.92
2004,IDAHO,Spring Wheat,Price Received,3.9
2004,IDAHO,Spring Wheat,Price Received,4.1
2004,IDAHO,Spring Wheat,Price Received,4.02
2004,IDAHO,Spring Wheat,Price Received,3.85
2004,IDAHO,Spring Wheat,Price Received,3.72
2004,IDAHO,Spring Wheat,Price Received,3.84
2004,IDAHO,Spring Wheat,Price Received,3.76
2004,IDAHO,Spring Wheat,Price Received,3.7
2004,IDAHO,Spring Wheat,Price Received,3.78
2003,IDAHO,Spring Wheat,Price Received,3.68
2003,IDAHO,Spring Wheat,Price Received,4.17
2003,IDAHO,Spring Wheat,Price Received,3.75
2003,IDAHO,Spring Wheat,Price Received,3.49
2003,IDAHO,Spring Wheat,Price Received,3.17
2003,IDAHO,Spring Wheat,Price Received,3.42
2003,IDAHO,Spring Wheat,Price Received,3.5
2003,IDAHO,Spring Wheat,Price Received,3.34
2003,IDAHO,Spring Wheat,Price Received,3.38
2003,IDAHO,Spring Wheat,Price Received,3.55
2003,IDAHO,Spring Wheat,Price Received,3.52
2003,IDAHO,Spring Wheat,Price Received,3.68
2003,IDAHO,Spring Wheat,Price Received,3.72
2002,IDAHO,Spring Wheat,Price Received,3.68
2002,IDAHO,Spring Wheat,Price Received,3.35
2002,IDAHO,Spring Wheat,Price Received,3.19
2002,IDAHO,Spring Wheat,Price Received,3.29
2002,IDAHO,Spring Wheat,Price Received,3.15
2002,IDAHO,Spring Wheat,Price Received,3.11
2002,IDAHO,Spring Wheat,Price Received,3.15
2002,IDAHO,Spring Wheat,Price Received,3.1
2002,IDAHO,Spring Wheat,Price Received,3.49
2002,IDAHO,Spring Wheat,Price Received,3.91
2002,IDAHO,Spring Wheat,Price Received,4.15
2002,IDAHO,Spring Wheat,Price Received,4.01
2002,IDAHO,Spring Wheat,Price Received,3.79
2001,IDAHO,Spring Wheat,Price Received,3.28
2001,IDAHO,Spring Wheat,Price Received,2.95
2001,IDAHO,Spring Wheat,Price Received,2.9
2001,IDAHO,Spring Wheat,Price Received,3.08
2001,IDAHO,Spring Wheat,Price Received,3.19
2001,IDAHO,Spring Wheat,Price Received,3.23
2001,IDAHO,Spring Wheat,Price Received,3.38
2001,IDAHO,Spring Wheat,Price Received,3.37
2001,IDAHO,Spring Wheat,Price Received,3.19
2001,IDAHO,Spring Wheat,Price Received,3.29
2001,IDAHO,Spring Wheat,Price Received,3.34
2001,IDAHO,Spring Wheat,Price Received,3.37
2001,IDAHO,Spring Wheat,Price Received,3.37
2000,IDAHO,Spring Wheat,Price Received,2.78
2000,IDAHO,Spring Wheat,Price Received,2.89
2000,IDAHO,Spring Wheat,Price Received,2.68
2000,IDAHO,Spring Wheat,Price Received,2.74
2000,IDAHO,Spring Wheat,Price Received,2.69
2000,IDAHO,Spring Wheat,Price Received,2.67
2000,IDAHO,Spring Wheat,Price Received,2.58
2000,IDAHO,Spring Wheat,Price Received,2.67
2000,IDAHO,Spring Wheat,Price Received,2.45
2000,IDAHO,Spring Wheat,Price Received,2.46
2000,IDAHO,Spring Wheat,Price Received,2.66
2000,IDAHO,Spring Wheat,Price Received,2.69
2000,IDAHO,Spring Wheat,Price Received,2.88
2015,MINNESOTA,Spring Wheat,Price Received,4.8
2015,MINNESOTA,Spring Wheat,Price Received,5.82
2015,MINNESOTA,Spring Wheat,Price Received,5.68
2015,MINNESOTA,Spring Wheat,Price Received,5.29
2015,MINNESOTA,Spring Wheat,Price Received,4.85
2015,MINNESOTA,Spring Wheat,Price Received,5.49
2015,MINNESOTA,Spring Wheat,Price Received,4.98
2015,MINNESOTA,Spring Wheat,Price Received,5.22
2015,MINNESOTA,Spring Wheat,Price Received,4.75
2015,MINNESOTA,Spring Wheat,Price Received,4.51
2015,MINNESOTA,Spring Wheat,Price Received,4.71
2015,MINNESOTA,Spring Wheat,Price Received,5
2015,MINNESOTA,Spring Wheat,Price Received,4.72
2014,MINNESOTA,Spring Wheat,Price Received,5.48
2014,MINNESOTA,Spring Wheat,Price Received,6.36
2014,MINNESOTA,Spring Wheat,Price Received,6.29
2014,MINNESOTA,Spring Wheat,Price Received,6.67
2014,MINNESOTA,Spring Wheat,Price Received,6.75
2014,MINNESOTA,Spring Wheat,Price Received,6.88
2014,MINNESOTA,Spring Wheat,Price Received,6.53
2014,MINNESOTA,Spring Wheat,Price Received,6.08
2014,MINNESOTA,Spring Wheat,Price Received,5.85
2014,MINNESOTA,Spring Wheat,Price Received,5.43
2014,MINNESOTA,Spring Wheat,Price Received,5.15
2014,MINNESOTA,Spring Wheat,Price Received,5.39
2014,MINNESOTA,Spring Wheat,Price Received,5.64
2013,MINNESOTA,Spring Wheat,Price Received,6.69
2013,MINNESOTA,Spring Wheat,Price Received,8.23
2013,MINNESOTA,Spring Wheat,Price Received,7.94
2013,MINNESOTA,Spring Wheat,Price Received,7.71
2013,MINNESOTA,Spring Wheat,Price Received,7.74
2013,MINNESOTA,Spring Wheat,Price Received,7.89
2013,MINNESOTA,Spring Wheat,Price Received,7.7
2013,MINNESOTA,Spring Wheat,Price Received,7.34
2013,MINNESOTA,Spring Wheat,Price Received,6.91
2013,MINNESOTA,Spring Wheat,Price Received,6.66
2013,MINNESOTA,Spring Wheat,Price Received,6.84
2013,MINNESOTA,Spring Wheat,Price Received,6.48
2013,MINNESOTA,Spring Wheat,Price Received,6.54
2012,MINNESOTA,Spring Wheat,Price Received,8.14
2012,MINNESOTA,Spring Wheat,Price Received,8.04
2012,MINNESOTA,Spring Wheat,Price Received,8.1
2012,MINNESOTA,Spring Wheat,Price Received,8.07
2012,MINNESOTA,Spring Wheat,Price Received,7.93
2012,MINNESOTA,Spring Wheat,Price Received,7.69
2012,MINNESOTA,Spring Wheat,Price Received,7.74
2012,MINNESOTA,Spring Wheat,Price Received,8.57
2012,MINNESOTA,Spring Wheat,Price Received,8.2
2012,MINNESOTA,Spring Wheat,Price Received,8.53
2012,MINNESOTA,Spring Wheat,Price Received,8.63
2012,MINNESOTA,Spring Wheat,Price Received,8.52
2012,MINNESOTA,Spring Wheat,Price Received,8.41
2011,MINNESOTA,Spring Wheat,Price Received,8.07
2011,MINNESOTA,Spring Wheat,Price Received,6.8
2011,MINNESOTA,Spring Wheat,Price Received,6.8
2011,MINNESOTA,Spring Wheat,Price Received,6.84
2011,MINNESOTA,Spring Wheat,Price Received,7.74
2011,MINNESOTA,Spring Wheat,Price Received,8.12
2011,MINNESOTA,Spring Wheat,Price Received,8.59
2011,MINNESOTA,Spring Wheat,Price Received,7.54
2011,MINNESOTA,Spring Wheat,Price Received,8.11
2011,MINNESOTA,Spring Wheat,Price Received,8.13
2011,MINNESOTA,Spring Wheat,Price Received,8.27
2011,MINNESOTA,Spring Wheat,Price Received,8.56
2011,MINNESOTA,Spring Wheat,Price Received,8.31
2010,MINNESOTA,Spring Wheat,Price Received,6.12
2010,MINNESOTA,Spring Wheat,Price Received,4.87
2010,MINNESOTA,Spring Wheat,Price Received,4.67
2010,MINNESOTA,Spring Wheat,Price Received,4.56
2010,MINNESOTA,Spring Wheat,Price Received,4.44
2010,MINNESOTA,Spring Wheat,Price Received,4.26
2010,MINNESOTA,Spring Wheat,Price Received,4.08
2010,MINNESOTA,Spring Wheat,Price Received,4.23
2010,MINNESOTA,Spring Wheat,Price Received,5.24
2010,MINNESOTA,Spring Wheat,Price Received,5.57
2010,MINNESOTA,Spring Wheat,Price Received,5.74
2010,MINNESOTA,Spring Wheat,Price Received,5.38
2010,MINNESOTA,Spring Wheat,Price Received,6.08
2009,MINNESOTA,Spring Wheat,Price Received,4.72
2009,MINNESOTA,Spring Wheat,Price Received,6.72
2009,MINNESOTA,Spring Wheat,Price Received,6.42
2009,MINNESOTA,Spring Wheat,Price Received,6.24
2009,MINNESOTA,Spring Wheat,Price Received,6.14
2009,MINNESOTA,Spring Wheat,Price Received,6.66
2009,MINNESOTA,Spring Wheat,Price Received,6.53
2009,MINNESOTA,Spring Wheat,Price Received,5.49
2009,MINNESOTA,Spring Wheat,Price Received,5.29
2009,MINNESOTA,Spring Wheat,Price Received,4.73
2009,MINNESOTA,Spring Wheat,Price Received,4.85
2009,MINNESOTA,Spring Wheat,Price Received,4.77
2009,MINNESOTA,Spring Wheat,Price Received,4.75
2008,MINNESOTA,Spring Wheat,Price Received,7.09
2008,MINNESOTA,Spring Wheat,Price Received,7.9
2008,MINNESOTA,Spring Wheat,Price Received,10.1
2008,MINNESOTA,Spring Wheat,Price Received,9.56
2008,MINNESOTA,Spring Wheat,Price Received,9.54
2008,MINNESOTA,Spring Wheat,Price Received,10.6
2008,MINNESOTA,Spring Wheat,Price Received,9.53
2008,MINNESOTA,Spring Wheat,Price Received,8.82
2008,MINNESOTA,Spring Wheat,Price Received,8.13
2008,MINNESOTA,Spring Wheat,Price Received,7.61
2008,MINNESOTA,Spring Wheat,Price Received,6.8
2008,MINNESOTA,Spring Wheat,Price Received,6.83
2008,MINNESOTA,Spring Wheat,Price Received,7.04
2007,MINNESOTA,Spring Wheat,Price Received,7.3
2007,MINNESOTA,Spring Wheat,Price Received,4.57
2007,MINNESOTA,Spring Wheat,Price Received,4.77
2007,MINNESOTA,Spring Wheat,Price Received,4.79
2007,MINNESOTA,Spring Wheat,Price Received,4.89
2007,MINNESOTA,Spring Wheat,Price Received,4.97
2007,MINNESOTA,Spring Wheat,Price Received,5.18
2007,MINNESOTA,Spring Wheat,Price Received,5.39
2007,MINNESOTA,Spring Wheat,Price Received,5.74
2007,MINNESOTA,Spring Wheat,Price Received,6.14
2007,MINNESOTA,Spring Wheat,Price Received,6.82
2007,MINNESOTA,Spring Wheat,Price Received,7.32
2007,MINNESOTA,Spring Wheat,Price Received,7.09
2006,MINNESOTA,Spring Wheat,Price Received,4.55
2006,MINNESOTA,Spring Wheat,Price Received,3.7
2006,MINNESOTA,Spring Wheat,Price Received,3.89
2006,MINNESOTA,Spring Wheat,Price Received,3.85
2006,MINNESOTA,Spring Wheat,Price Received,3.99
2006,MINNESOTA,Spring Wheat,Price Received,4.04
2006,MINNESOTA,Spring Wheat,Price Received,4.24
2006,MINNESOTA,Spring Wheat,Price Received,4.39
2006,MINNESOTA,Spring Wheat,Price Received,4.21
2006,MINNESOTA,Spring Wheat,Price Received,4.22
2006,MINNESOTA,Spring Wheat,Price Received,4.54
2006,MINNESOTA,Spring Wheat,Price Received,4.51
2006,MINNESOTA,Spring Wheat,Price Received,4.44
2005,MINNESOTA,Spring Wheat,Price Received,3.66
2005,MINNESOTA,Spring Wheat,Price Received,3.35
2005,MINNESOTA,Spring Wheat,Price Received,3.3
2005,MINNESOTA,Spring Wheat,Price Received,3.45
2005,MINNESOTA,Spring Wheat,Price Received,3.27
2005,MINNESOTA,Spring Wheat,Price Received,3.37
2005,MINNESOTA,Spring Wheat,Price Received,3.26
2005,MINNESOTA,Spring Wheat,Price Received,3.21
2005,MINNESOTA,Spring Wheat,Price Received,3.2
2005,MINNESOTA,Spring Wheat,Price Received,3.5
2005,MINNESOTA,Spring Wheat,Price Received,3.49
2005,MINNESOTA,Spring Wheat,Price Received,3.59
2005,MINNESOTA,Spring Wheat,Price Received,3.64
2004,MINNESOTA,Spring Wheat,Price Received,3.33
2004,MINNESOTA,Spring Wheat,Price Received,3.75
2004,MINNESOTA,Spring Wheat,Price Received,3.82
2004,MINNESOTA,Spring Wheat,Price Received,3.76
2004,MINNESOTA,Spring Wheat,Price Received,3.97
2004,MINNESOTA,Spring Wheat,Price Received,3.94
2004,MINNESOTA,Spring Wheat,Price Received,3.84
2004,MINNESOTA,Spring Wheat,Price Received,3.61
2004,MINNESOTA,Spring Wheat,Price Received,3.23
2004,MINNESOTA,Spring Wheat,Price Received,3.29
2004,MINNESOTA,Spring Wheat,Price Received,3.17
2004,MINNESOTA,Spring Wheat,Price Received,3.34
2004,MINNESOTA,Spring Wheat,Price Received,3.32
2003,MINNESOTA,Spring Wheat,Price Received,3.66
2003,MINNESOTA,Spring Wheat,Price Received,4.04
2003,MINNESOTA,Spring Wheat,Price Received,3.79
2003,MINNESOTA,Spring Wheat,Price Received,3.87
2003,MINNESOTA,Spring Wheat,Price Received,3.45
2003,MINNESOTA,Spring Wheat,Price Received,3.63
2003,MINNESOTA,Spring Wheat,Price Received,3.51
2003,MINNESOTA,Spring Wheat,Price Received,3.42
2003,MINNESOTA,Spring Wheat,Price Received,3.51
2003,MINNESOTA,Spring Wheat,Price Received,3.43
2003,MINNESOTA,Spring Wheat,Price Received,3.55
2003,MINNESOTA,Spring Wheat,Price Received,3.61
2003,MINNESOTA,Spring Wheat,Price Received,3.69
2002,MINNESOTA,Spring Wheat,Price Received,3.86
2002,MINNESOTA,Spring Wheat,Price Received,2.84
2002,MINNESOTA,Spring Wheat,Price Received,2.9
2002,MINNESOTA,Spring Wheat,Price Received,2.98
2002,MINNESOTA,Spring Wheat,Price Received,3.04
2002,MINNESOTA,Spring Wheat,Price Received,3
2002,MINNESOTA,Spring Wheat,Price Received,3.03
2002,MINNESOTA,Spring Wheat,Price Received,3.35
2002,MINNESOTA,Spring Wheat,Price Received,3.76
2002,MINNESOTA,Spring Wheat,Price Received,4.21
2002,MINNESOTA,Spring Wheat,Price Received,4.39
2002,MINNESOTA,Spring Wheat,Price Received,4.44
2002,MINNESOTA,Spring Wheat,Price Received,4.27
2001,MINNESOTA,Spring Wheat,Price Received,2.93
2001,MINNESOTA,Spring Wheat,Price Received,3.04
2001,MINNESOTA,Spring Wheat,Price Received,2.98
2001,MINNESOTA,Spring Wheat,Price Received,2.98
2001,MINNESOTA,Spring Wheat,Price Received,3.03
2001,MINNESOTA,Spring Wheat,Price Received,3.16
2001,MINNESOTA,Spring Wheat,Price Received,3.03
2001,MINNESOTA,Spring Wheat,Price Received,2.86
2001,MINNESOTA,Spring Wheat,Price Received,2.89
2001,MINNESOTA,Spring Wheat,Price Received,2.87
2001,MINNESOTA,Spring Wheat,Price Received,2.97
2001,MINNESOTA,Spring Wheat,Price Received,2.84
2001,MINNESOTA,Spring Wheat,Price Received,2.98
2000,MINNESOTA,Spring Wheat,Price Received,2.89
2000,MINNESOTA,Spring Wheat,Price Received,2.9
2000,MINNESOTA,Spring Wheat,Price Received,2.8
2000,MINNESOTA,Spring Wheat,Price Received,2.9
2000,MINNESOTA,Spring Wheat,Price Received,2.87
2000,MINNESOTA,Spring Wheat,Price Received,2.94
2000,MINNESOTA,Spring Wheat,Price Received,2.99
2000,MINNESOTA,Spring Wheat,Price Received,2.63
2000,MINNESOTA,Spring Wheat,Price Received,2.52
2000,MINNESOTA,Spring Wheat,Price Received,2.65
2000,MINNESOTA,Spring Wheat,Price Received,2.81
2000,MINNESOTA,Spring Wheat,Price Received,3
2000,MINNESOTA,Spring Wheat,Price Received,3.04
2015,MONTANA,Spring Wheat,Price Received,4.9
2015,MONTANA,Spring Wheat,Price Received,6.51
2015,MONTANA,Spring Wheat,Price Received,5.91
2015,MONTANA,Spring Wheat,Price Received,6.01
2015,MONTANA,Spring Wheat,Price Received,6.44
2015,MONTANA,Spring Wheat,Price Received,5.56
2015,MONTANA,Spring Wheat,Price Received,5.12
2015,MONTANA,Spring Wheat,Price Received,5.22
2015,MONTANA,Spring Wheat,Price Received,4.69
2015,MONTANA,Spring Wheat,Price Received,4.79
2015,MONTANA,Spring Wheat,Price Received,4.82
2015,MONTANA,Spring Wheat,Price Received,5.11
2015,MONTANA,Spring Wheat,Price Received,4.95
2014,MONTANA,Spring Wheat,Price Received,6.08
2014,MONTANA,Spring Wheat,Price Received,6.59
2014,MONTANA,Spring Wheat,Price Received,6.41
2014,MONTANA,Spring Wheat,Price Received,6.42
2014,MONTANA,Spring Wheat,Price Received,6.48
2014,MONTANA,Spring Wheat,Price Received,6.75
2014,MONTANA,Spring Wheat,Price Received,6.56
2014,MONTANA,Spring Wheat,Price Received,6.32
2014,MONTANA,Spring Wheat,Price Received,6.06
2014,MONTANA,Spring Wheat,Price Received,5.8
2014,MONTANA,Spring Wheat,Price Received,6.05
2014,MONTANA,Spring Wheat,Price Received,6.58
2014,MONTANA,Spring Wheat,Price Received,6.21
2013,MONTANA,Spring Wheat,Price Received,6.7
2013,MONTANA,Spring Wheat,Price Received,8.55
2013,MONTANA,Spring Wheat,Price Received,8.33
2013,MONTANA,Spring Wheat,Price Received,8.18
2013,MONTANA,Spring Wheat,Price Received,8.05
2013,MONTANA,Spring Wheat,Price Received,8.03
2013,MONTANA,Spring Wheat,Price Received,7.82
2013,MONTANA,Spring Wheat,Price Received,7.74
2013,MONTANA,Spring Wheat,Price Received,7.18
2013,MONTANA,Spring Wheat,Price Received,6.77
2013,MONTANA,Spring Wheat,Price Received,6.87
2013,MONTANA,Spring Wheat,Price Received,6.87
2013,MONTANA,Spring Wheat,Price Received,6.87
2012,MONTANA,Spring Wheat,Price Received,8.39
2012,MONTANA,Spring Wheat,Price Received,8.41
2012,MONTANA,Spring Wheat,Price Received,8.18
2012,MONTANA,Spring Wheat,Price Received,8.05
2012,MONTANA,Spring Wheat,Price Received,7.8
2012,MONTANA,Spring Wheat,Price Received,8.47
2012,MONTANA,Spring Wheat,Price Received,7.9
2012,MONTANA,Spring Wheat,Price Received,8.25
2012,MONTANA,Spring Wheat,Price Received,8.45
2012,MONTANA,Spring Wheat,Price Received,8.42
2012,MONTANA,Spring Wheat,Price Received,8.68
2012,MONTANA,Spring Wheat,Price Received,8.75
2012,MONTANA,Spring Wheat,Price Received,8.71
2011,MONTANA,Spring Wheat,Price Received,8.36
2011,MONTANA,Spring Wheat,Price Received,6.77
2011,MONTANA,Spring Wheat,Price Received,7.11
2011,MONTANA,Spring Wheat,Price Received,7.71
2011,MONTANA,Spring Wheat,Price Received,8.01
2011,MONTANA,Spring Wheat,Price Received,8.23
2011,MONTANA,Spring Wheat,Price Received,8.76
2011,MONTANA,Spring Wheat,Price Received,8.45
2011,MONTANA,Spring Wheat,Price Received,8.44
2011,MONTANA,Spring Wheat,Price Received,8.6
2011,MONTANA,Spring Wheat,Price Received,8.47
2011,MONTANA,Spring Wheat,Price Received,8.56
2011,MONTANA,Spring Wheat,Price Received,8.46
2010,MONTANA,Spring Wheat,Price Received,6.87
2010,MONTANA,Spring Wheat,Price Received,6.03
2010,MONTANA,Spring Wheat,Price Received,5.81
2010,MONTANA,Spring Wheat,Price Received,5.77
2010,MONTANA,Spring Wheat,Price Received,5.65
2010,MONTANA,Spring Wheat,Price Received,5.47
2010,MONTANA,Spring Wheat,Price Received,5.4
2010,MONTANA,Spring Wheat,Price Received,5.42
2010,MONTANA,Spring Wheat,Price Received,5.42
2010,MONTANA,Spring Wheat,Price Received,6.07
2010,MONTANA,Spring Wheat,Price Received,6.05
2010,MONTANA,Spring Wheat,Price Received,6.35
2010,MONTANA,Spring Wheat,Price Received,6.44
2009,MONTANA,Spring Wheat,Price Received,5.72
2009,MONTANA,Spring Wheat,Price Received,7.24
2009,MONTANA,Spring Wheat,Price Received,7.19
2009,MONTANA,Spring Wheat,Price Received,6.98
2009,MONTANA,Spring Wheat,Price Received,7.04
2009,MONTANA,Spring Wheat,Price Received,7.02
2009,MONTANA,Spring Wheat,Price Received,7.02
2009,MONTANA,Spring Wheat,Price Received,6.65
2009,MONTANA,Spring Wheat,Price Received,5.95
2009,MONTANA,Spring Wheat,Price Received,5.28
2009,MONTANA,Spring Wheat,Price Received,5.54
2009,MONTANA,Spring Wheat,Price Received,5.68
2009,MONTANA,Spring Wheat,Price Received,6.13
2008,MONTANA,Spring Wheat,Price Received,7.36
2008,MONTANA,Spring Wheat,Price Received,8.07
2008,MONTANA,Spring Wheat,Price Received,8.77
2008,MONTANA,Spring Wheat,Price Received,8.84
2008,MONTANA,Spring Wheat,Price Received,9.7
2008,MONTANA,Spring Wheat,Price Received,11.3
2008,MONTANA,Spring Wheat,Price Received,10.4
2008,MONTANA,Spring Wheat,Price Received,10.1
2008,MONTANA,Spring Wheat,Price Received,8.43
2008,MONTANA,Spring Wheat,Price Received,8.23
2008,MONTANA,Spring Wheat,Price Received,7.28
2008,MONTANA,Spring Wheat,Price Received,7.45
2008,MONTANA,Spring Wheat,Price Received,6.95
2007,MONTANA,Spring Wheat,Price Received,7.49
2007,MONTANA,Spring Wheat,Price Received,4.61
2007,MONTANA,Spring Wheat,Price Received,4.78
2007,MONTANA,Spring Wheat,Price Received,4.75
2007,MONTANA,Spring Wheat,Price Received,4.82
2007,MONTANA,Spring Wheat,Price Received,4.97
2007,MONTANA,Spring Wheat,Price Received,5.08
2007,MONTANA,Spring Wheat,Price Received,5.32
2007,MONTANA,Spring Wheat,Price Received,5.61
2007,MONTANA,Spring Wheat,Price Received,6.12
2007,MONTANA,Spring Wheat,Price Received,7.57
2007,MONTANA,Spring Wheat,Price Received,6.97
2007,MONTANA,Spring Wheat,Price Received,7.06
2006,MONTANA,Spring Wheat,Price Received,4.58
2006,MONTANA,Spring Wheat,Price Received,3.76
2006,MONTANA,Spring Wheat,Price Received,3.79
2006,MONTANA,Spring Wheat,Price Received,4
2006,MONTANA,Spring Wheat,Price Received,3.93
2006,MONTANA,Spring Wheat,Price Received,4.54
2006,MONTANA,Spring Wheat,Price Received,4.18
2006,MONTANA,Spring Wheat,Price Received,4.31
2006,MONTANA,Spring Wheat,Price Received,4.05
2006,MONTANA,Spring Wheat,Price Received,4.08
2006,MONTANA,Spring Wheat,Price Received,4.47
2006,MONTANA,Spring Wheat,Price Received,4.55
2006,MONTANA,Spring Wheat,Price Received,4.56
2005,MONTANA,Spring Wheat,Price Received,3.8
2005,MONTANA,Spring Wheat,Price Received,3.85
2005,MONTANA,Spring Wheat,Price Received,3.77
2005,MONTANA,Spring Wheat,Price Received,3.72
2005,MONTANA,Spring Wheat,Price Received,3.47
2005,MONTANA,Spring Wheat,Price Received,3.3
2005,MONTANA,Spring Wheat,Price Received,3.69
2005,MONTANA,Spring Wheat,Price Received,3.43
2005,MONTANA,Spring Wheat,Price Received,3.27
2005,MONTANA,Spring Wheat,Price Received,3.5
2005,MONTANA,Spring Wheat,Price Received,3.65
2005,MONTANA,Spring Wheat,Price Received,3.73
2005,MONTANA,Spring Wheat,Price Received,3.76
2004,MONTANA,Spring Wheat,Price Received,3.69
2004,MONTANA,Spring Wheat,Price Received,3.8
2004,MONTANA,Spring Wheat,Price Received,3.93
2004,MONTANA,Spring Wheat,Price Received,3.97
2004,MONTANA,Spring Wheat,Price Received,3.99
2004,MONTANA,Spring Wheat,Price Received,4.04
2004,MONTANA,Spring Wheat,Price Received,3.92
2004,MONTANA,Spring Wheat,Price Received,3.89
2004,MONTANA,Spring Wheat,Price Received,3.43
2004,MONTANA,Spring Wheat,Price Received,3.64
2004,MONTANA,Spring Wheat,Price Received,3.77
2004,MONTANA,Spring Wheat,Price Received,3.86
2004,MONTANA,Spring Wheat,Price Received,3.63
2003,MONTANA,Spring Wheat,Price Received,3.78
2003,MONTANA,Spring Wheat,Price Received,4.13
2003,MONTANA,Spring Wheat,Price Received,3.92
2003,MONTANA,Spring Wheat,Price Received,3.95
2003,MONTANA,Spring Wheat,Price Received,3.69
2003,MONTANA,Spring Wheat,Price Received,3.65
2003,MONTANA,Spring Wheat,Price Received,3.63
2003,MONTANA,Spring Wheat,Price Received,3.43
2003,MONTANA,Spring Wheat,Price Received,3.48
2003,MONTANA,Spring Wheat,Price Received,3.52
2003,MONTANA,Spring Wheat,Price Received,3.6
2003,MONTANA,Spring Wheat,Price Received,3.83
2003,MONTANA,Spring Wheat,Price Received,3.8
2002,MONTANA,Spring Wheat,Price Received,4.08
2002,MONTANA,Spring Wheat,Price Received,3.04
2002,MONTANA,Spring Wheat,Price Received,2.98
2002,MONTANA,Spring Wheat,Price Received,2.99
2002,MONTANA,Spring Wheat,Price Received,3.05
2002,MONTANA,Spring Wheat,Price Received,2.94
2002,MONTANA,Spring Wheat,Price Received,3.07
2002,MONTANA,Spring Wheat,Price Received,3.31
2002,MONTANA,Spring Wheat,Price Received,3.63
2002,MONTANA,Spring Wheat,Price Received,4.46
2002,MONTANA,Spring Wheat,Price Received,4.66
2002,MONTANA,Spring Wheat,Price Received,4.48
2002,MONTANA,Spring Wheat,Price Received,4.45
2001,MONTANA,Spring Wheat,Price Received,3.06
2001,MONTANA,Spring Wheat,Price Received,3.05
2001,MONTANA,Spring Wheat,Price Received,3.13
2001,MONTANA,Spring Wheat,Price Received,3.18
2001,MONTANA,Spring Wheat,Price Received,3.27
2001,MONTANA,Spring Wheat,Price Received,3.34
2001,MONTANA,Spring Wheat,Price Received,3.26
2001,MONTANA,Spring Wheat,Price Received,3.16
2001,MONTANA,Spring Wheat,Price Received,3.02
2001,MONTANA,Spring Wheat,Price Received,2.98
2001,MONTANA,Spring Wheat,Price Received,3.17
2001,MONTANA,Spring Wheat,Price Received,3.18
2001,MONTANA,Spring Wheat,Price Received,3.13
2000,MONTANA,Spring Wheat,Price Received,3.03
2000,MONTANA,Spring Wheat,Price Received,2.93
2000,MONTANA,Spring Wheat,Price Received,2.89
2000,MONTANA,Spring Wheat,Price Received,2.9
2000,MONTANA,Spring Wheat,Price Received,2.95
2000,MONTANA,Spring Wheat,Price Received,3
2000,MONTANA,Spring Wheat,Price Received,2.96
2000,MONTANA,Spring Wheat,Price Received,2.93
2000,MONTANA,Spring Wheat,Price Received,2.64
2000,MONTANA,Spring Wheat,Price Received,2.71
2000,MONTANA,Spring Wheat,Price Received,2.89
2000,MONTANA,Spring Wheat,Price Received,3.07
2000,MONTANA,Spring Wheat,Price Received,3.14
2015,NEVADA,Spring Wheat,Price Received,5.5
2014,NEVADA,Spring Wheat,Price Received,6.45
2013,NEVADA,Spring Wheat,Price Received,6.93
2012,NEVADA,Spring Wheat,Price Received,8.12
2011,NEVADA,Spring Wheat,Price Received,7.34
2010,NEVADA,Spring Wheat,Price Received,6
2009,NEVADA,Spring Wheat,Price Received,5.2
2008,NEVADA,Spring Wheat,Price Received,7.27
2007,NEVADA,Spring Wheat,Price Received,6.25
2006,NEVADA,Spring Wheat,Price Received,4.25
2005,NEVADA,Spring Wheat,Price Received,3.55
2004,NEVADA,Spring Wheat,Price Received,3.8
2003,NEVADA,Spring Wheat,Price Received,3.6
2002,NEVADA,Spring Wheat,Price Received,3.6
2001,NEVADA,Spring Wheat,Price Received,3.25
2000,NEVADA,Spring Wheat,Price Received,2.75
2015,NORTH DAKOTA,Spring Wheat,Price Received,4.6
2015,NORTH DAKOTA,Spring Wheat,Price Received,5.52
2015,NORTH DAKOTA,Spring Wheat,Price Received,5.25
2015,NORTH DAKOTA,Spring Wheat,Price Received,5.31
2015,NORTH DAKOTA,Spring Wheat,Price Received,5.12
2015,NORTH DAKOTA,Spring Wheat,Price Received,4.98
2015,NORTH DAKOTA,Spring Wheat,Price Received,5.23
2015,NORTH DAKOTA,Spring Wheat,Price Received,4.97
2015,NORTH DAKOTA,Spring Wheat,Price Received,4.55
2015,NORTH DAKOTA,Spring Wheat,Price Received,4.56
2015,NORTH DAKOTA,Spring Wheat,Price Received,4.59
2015,NORTH DAKOTA,Spring Wheat,Price Received,4.71
2015,NORTH DAKOTA,Spring Wheat,Price Received,4.64
2014,NORTH DAKOTA,Spring Wheat,Price Received,5.42
2014,NORTH DAKOTA,Spring Wheat,Price Received,6.18
2014,NORTH DAKOTA,Spring Wheat,Price Received,6.17
2014,NORTH DAKOTA,Spring Wheat,Price Received,6.4
2014,NORTH DAKOTA,Spring Wheat,Price Received,6.49
2014,NORTH DAKOTA,Spring Wheat,Price Received,6.71
2014,NORTH DAKOTA,Spring Wheat,Price Received,6.56
2014,NORTH DAKOTA,Spring Wheat,Price Received,6.13
2014,NORTH DAKOTA,Spring Wheat,Price Received,5.68
2014,NORTH DAKOTA,Spring Wheat,Price Received,5.33
2014,NORTH DAKOTA,Spring Wheat,Price Received,5.14
2014,NORTH DAKOTA,Spring Wheat,Price Received,5.36
2014,NORTH DAKOTA,Spring Wheat,Price Received,5.56
2013,NORTH DAKOTA,Spring Wheat,Price Received,6.5
2013,NORTH DAKOTA,Spring Wheat,Price Received,8.3
2013,NORTH DAKOTA,Spring Wheat,Price Received,8.02
2013,NORTH DAKOTA,Spring Wheat,Price Received,7.87
2013,NORTH DAKOTA,Spring Wheat,Price Received,7.82
2013,NORTH DAKOTA,Spring Wheat,Price Received,7.72
2013,NORTH DAKOTA,Spring Wheat,Price Received,7.61
2013,NORTH DAKOTA,Spring Wheat,Price Received,7.14
2013,NORTH DAKOTA,Spring Wheat,Price Received,6.93
2013,NORTH DAKOTA,Spring Wheat,Price Received,6.63
2013,NORTH DAKOTA,Spring Wheat,Price Received,6.41
2013,NORTH DAKOTA,Spring Wheat,Price Received,6.56
2013,NORTH DAKOTA,Spring Wheat,Price Received,6.17
2012,NORTH DAKOTA,Spring Wheat,Price Received,8.19
2012,NORTH DAKOTA,Spring Wheat,Price Received,8.22
2012,NORTH DAKOTA,Spring Wheat,Price Received,8.12
2012,NORTH DAKOTA,Spring Wheat,Price Received,8.12
2012,NORTH DAKOTA,Spring Wheat,Price Received,8
2012,NORTH DAKOTA,Spring Wheat,Price Received,7.72
2012,NORTH DAKOTA,Spring Wheat,Price Received,7.78
2012,NORTH DAKOTA,Spring Wheat,Price Received,8.28
2012,NORTH DAKOTA,Spring Wheat,Price Received,8.27
2012,NORTH DAKOTA,Spring Wheat,Price Received,8.35
2012,NORTH DAKOTA,Spring Wheat,Price Received,8.5
2012,NORTH DAKOTA,Spring Wheat,Price Received,8.6
2012,NORTH DAKOTA,Spring Wheat,Price Received,8.41
2011,NORTH DAKOTA,Spring Wheat,Price Received,8.17
2011,NORTH DAKOTA,Spring Wheat,Price Received,7.28
2011,NORTH DAKOTA,Spring Wheat,Price Received,8.26
2011,NORTH DAKOTA,Spring Wheat,Price Received,8.48
2011,NORTH DAKOTA,Spring Wheat,Price Received,9.31
2011,NORTH DAKOTA,Spring Wheat,Price Received,9.47
2011,NORTH DAKOTA,Spring Wheat,Price Received,9.53
2011,NORTH DAKOTA,Spring Wheat,Price Received,8.55
2011,NORTH DAKOTA,Spring Wheat,Price Received,8.13
2011,NORTH DAKOTA,Spring Wheat,Price Received,8.06
2011,NORTH DAKOTA,Spring Wheat,Price Received,8.09
2011,NORTH DAKOTA,Spring Wheat,Price Received,8.59
2011,NORTH DAKOTA,Spring Wheat,Price Received,8.43
2010,NORTH DAKOTA,Spring Wheat,Price Received,6.78
2010,NORTH DAKOTA,Spring Wheat,Price Received,5.08
2010,NORTH DAKOTA,Spring Wheat,Price Received,4.83
2010,NORTH DAKOTA,Spring Wheat,Price Received,4.8
2010,NORTH DAKOTA,Spring Wheat,Price Received,4.66
2010,NORTH DAKOTA,Spring Wheat,Price Received,4.43
2010,NORTH DAKOTA,Spring Wheat,Price Received,4.55
2010,NORTH DAKOTA,Spring Wheat,Price Received,4.67
2010,NORTH DAKOTA,Spring Wheat,Price Received,5.47
2010,NORTH DAKOTA,Spring Wheat,Price Received,5.96
2010,NORTH DAKOTA,Spring Wheat,Price Received,6.13
2010,NORTH DAKOTA,Spring Wheat,Price Received,6.45
2010,NORTH DAKOTA,Spring Wheat,Price Received,6.72
2009,NORTH DAKOTA,Spring Wheat,Price Received,4.9
2009,NORTH DAKOTA,Spring Wheat,Price Received,7.04
2009,NORTH DAKOTA,Spring Wheat,Price Received,6.5
2009,NORTH DAKOTA,Spring Wheat,Price Received,6.45
2009,NORTH DAKOTA,Spring Wheat,Price Received,6.51
2009,NORTH DAKOTA,Spring Wheat,Price Received,6.77
2009,NORTH DAKOTA,Spring Wheat,Price Received,6.72
2009,NORTH DAKOTA,Spring Wheat,Price Received,6.13
2009,NORTH DAKOTA,Spring Wheat,Price Received,5.38
2009,NORTH DAKOTA,Spring Wheat,Price Received,4.66
2009,NORTH DAKOTA,Spring Wheat,Price Received,4.82
2009,NORTH DAKOTA,Spring Wheat,Price Received,5.04
2009,NORTH DAKOTA,Spring Wheat,Price Received,4.94
2008,NORTH DAKOTA,Spring Wheat,Price Received,7.19
2008,NORTH DAKOTA,Spring Wheat,Price Received,8.07
2008,NORTH DAKOTA,Spring Wheat,Price Received,12.5
2008,NORTH DAKOTA,Spring Wheat,Price Received,12.7
2008,NORTH DAKOTA,Spring Wheat,Price Received,11.7
2008,NORTH DAKOTA,Spring Wheat,Price Received,10.8
2008,NORTH DAKOTA,Spring Wheat,Price Received,10.1
2008,NORTH DAKOTA,Spring Wheat,Price Received,9.81
2008,NORTH DAKOTA,Spring Wheat,Price Received,8.23
2008,NORTH DAKOTA,Spring Wheat,Price Received,7.77
2008,NORTH DAKOTA,Spring Wheat,Price Received,7.32
2008,NORTH DAKOTA,Spring Wheat,Price Received,6.95
2008,NORTH DAKOTA,Spring Wheat,Price Received,6.76
2007,NORTH DAKOTA,Spring Wheat,Price Received,7.45
2007,NORTH DAKOTA,Spring Wheat,Price Received,4.4
2007,NORTH DAKOTA,Spring Wheat,Price Received,4.64
2007,NORTH DAKOTA,Spring Wheat,Price Received,4.63
2007,NORTH DAKOTA,Spring Wheat,Price Received,4.8
2007,NORTH DAKOTA,Spring Wheat,Price Received,4.92
2007,NORTH DAKOTA,Spring Wheat,Price Received,5.17
2007,NORTH DAKOTA,Spring Wheat,Price Received,5.54
2007,NORTH DAKOTA,Spring Wheat,Price Received,5.46
2007,NORTH DAKOTA,Spring Wheat,Price Received,6.32
2007,NORTH DAKOTA,Spring Wheat,Price Received,6.68
2007,NORTH DAKOTA,Spring Wheat,Price Received,6.76
2007,NORTH DAKOTA,Spring Wheat,Price Received,7.49
2006,NORTH DAKOTA,Spring Wheat,Price Received,4.49
2006,NORTH DAKOTA,Spring Wheat,Price Received,3.68
2006,NORTH DAKOTA,Spring Wheat,Price Received,3.81
2006,NORTH DAKOTA,Spring Wheat,Price Received,3.81
2006,NORTH DAKOTA,Spring Wheat,Price Received,3.9
2006,NORTH DAKOTA,Spring Wheat,Price Received,4.08
2006,NORTH DAKOTA,Spring Wheat,Price Received,4.19
2006,NORTH DAKOTA,Spring Wheat,Price Received,4.49
2006,NORTH DAKOTA,Spring Wheat,Price Received,4.11
2006,NORTH DAKOTA,Spring Wheat,Price Received,4.05
2006,NORTH DAKOTA,Spring Wheat,Price Received,4.44
2006,NORTH DAKOTA,Spring Wheat,Price Received,4.37
2006,NORTH DAKOTA,Spring Wheat,Price Received,4.44
2005,NORTH DAKOTA,Spring Wheat,Price Received,3.64
2005,NORTH DAKOTA,Spring Wheat,Price Received,3.5
2005,NORTH DAKOTA,Spring Wheat,Price Received,3.35
2005,NORTH DAKOTA,Spring Wheat,Price Received,3.36
2005,NORTH DAKOTA,Spring Wheat,Price Received,3.22
2005,NORTH DAKOTA,Spring Wheat,Price Received,3.28
2005,NORTH DAKOTA,Spring Wheat,Price Received,3.45
2005,NORTH DAKOTA,Spring Wheat,Price Received,3.37
2005,NORTH DAKOTA,Spring Wheat,Price Received,3.31
2005,NORTH DAKOTA,Spring Wheat,Price Received,3.35
2005,NORTH DAKOTA,Spring Wheat,Price Received,3.6
2005,NORTH DAKOTA,Spring Wheat,Price Received,3.64
2005,NORTH DAKOTA,Spring Wheat,Price Received,3.67
2004,NORTH DAKOTA,Spring Wheat,Price Received,3.36
2004,NORTH DAKOTA,Spring Wheat,Price Received,3.59
2004,NORTH DAKOTA,Spring Wheat,Price Received,3.79
2004,NORTH DAKOTA,Spring Wheat,Price Received,3.9
2004,NORTH DAKOTA,Spring Wheat,Price Received,3.88
2004,NORTH DAKOTA,Spring Wheat,Price Received,3.94
2004,NORTH DAKOTA,Spring Wheat,Price Received,3.63
2004,NORTH DAKOTA,Spring Wheat,Price Received,3.36
2004,NORTH DAKOTA,Spring Wheat,Price Received,3.32
2004,NORTH DAKOTA,Spring Wheat,Price Received,3.33
2004,NORTH DAKOTA,Spring Wheat,Price Received,3.26
2004,NORTH DAKOTA,Spring Wheat,Price Received,3.34
2004,NORTH DAKOTA,Spring Wheat,Price Received,3.33
2003,NORTH DAKOTA,Spring Wheat,Price Received,3.57
2003,NORTH DAKOTA,Spring Wheat,Price Received,3.95
2003,NORTH DAKOTA,Spring Wheat,Price Received,3.76
2003,NORTH DAKOTA,Spring Wheat,Price Received,3.57
2003,NORTH DAKOTA,Spring Wheat,Price Received,3.35
2003,NORTH DAKOTA,Spring Wheat,Price Received,3.47
2003,NORTH DAKOTA,Spring Wheat,Price Received,3.34
2003,NORTH DAKOTA,Spring Wheat,Price Received,3.19
2003,NORTH DAKOTA,Spring Wheat,Price Received,3.35
2003,NORTH DAKOTA,Spring Wheat,Price Received,3.33
2003,NORTH DAKOTA,Spring Wheat,Price Received,3.46
2003,NORTH DAKOTA,Spring Wheat,Price Received,3.62
2003,NORTH DAKOTA,Spring Wheat,Price Received,3.69
2002,NORTH DAKOTA,Spring Wheat,Price Received,3.74
2002,NORTH DAKOTA,Spring Wheat,Price Received,2.77
2002,NORTH DAKOTA,Spring Wheat,Price Received,2.76
2002,NORTH DAKOTA,Spring Wheat,Price Received,2.75
2002,NORTH DAKOTA,Spring Wheat,Price Received,2.76
2002,NORTH DAKOTA,Spring Wheat,Price Received,2.74
2002,NORTH DAKOTA,Spring Wheat,Price Received,2.9
2002,NORTH DAKOTA,Spring Wheat,Price Received,3.25
2002,NORTH DAKOTA,Spring Wheat,Price Received,3.56
2002,NORTH DAKOTA,Spring Wheat,Price Received,4.29
2002,NORTH DAKOTA,Spring Wheat,Price Received,4.34
2002,NORTH DAKOTA,Spring Wheat,Price Received,4.03
2002,NORTH DAKOTA,Spring Wheat,Price Received,3.92
2001,NORTH DAKOTA,Spring Wheat,Price Received,2.76
2001,NORTH DAKOTA,Spring Wheat,Price Received,2.91
2001,NORTH DAKOTA,Spring Wheat,Price Received,2.87
2001,NORTH DAKOTA,Spring Wheat,Price Received,2.86
2001,NORTH DAKOTA,Spring Wheat,Price Received,2.91
2001,NORTH DAKOTA,Spring Wheat,Price Received,3.03
2001,NORTH DAKOTA,Spring Wheat,Price Received,2.83
2001,NORTH DAKOTA,Spring Wheat,Price Received,2.69
2001,NORTH DAKOTA,Spring Wheat,Price Received,2.69
2001,NORTH DAKOTA,Spring Wheat,Price Received,2.65
2001,NORTH DAKOTA,Spring Wheat,Price Received,2.79
2001,NORTH DAKOTA,Spring Wheat,Price Received,2.78
2001,NORTH DAKOTA,Spring Wheat,Price Received,2.83
2000,NORTH DAKOTA,Spring Wheat,Price Received,2.79
2000,NORTH DAKOTA,Spring Wheat,Price Received,2.71
2000,NORTH DAKOTA,Spring Wheat,Price Received,2.84
2000,NORTH DAKOTA,Spring Wheat,Price Received,2.81
2000,NORTH DAKOTA,Spring Wheat,Price Received,2.9
2000,NORTH DAKOTA,Spring Wheat,Price Received,2.93
2000,NORTH DAKOTA,Spring Wheat,Price Received,2.96
2000,NORTH DAKOTA,Spring Wheat,Price Received,2.69
2000,NORTH DAKOTA,Spring Wheat,Price Received,2.51
2000,NORTH DAKOTA,Spring Wheat,Price Received,2.57
2000,NORTH DAKOTA,Spring Wheat,Price Received,2.77
2000,NORTH DAKOTA,Spring Wheat,Price Received,2.92
2000,NORTH DAKOTA,Spring Wheat,Price Received,2.93
2015,OREGON,Spring Wheat,Price Received,5.9
2015,OREGON,Spring Wheat,Price Received,6.82
2015,OREGON,Spring Wheat,Price Received,6.65
2015,OREGON,Spring Wheat,Price Received,6.94
2015,OREGON,Spring Wheat,Price Received,6.86
2015,OREGON,Spring Wheat,Price Received,6.49
2015,OREGON,Spring Wheat,Price Received,6.05
2015,OREGON,Spring Wheat,Price Received,6.9
2015,OREGON,Spring Wheat,Price Received,5.69
2015,OREGON,Spring Wheat,Price Received,5.49
2015,OREGON,Spring Wheat,Price Received,5.46
2015,OREGON,Spring Wheat,Price Received,5.71
2015,OREGON,Spring Wheat,Price Received,5.37
2014,OREGON,Spring Wheat,Price Received,7.16
2014,OREGON,Spring Wheat,Price Received,7.41
2014,OREGON,Spring Wheat,Price Received,6.83
2014,OREGON,Spring Wheat,Price Received,7.08
2014,OREGON,Spring Wheat,Price Received,7.38
2014,OREGON,Spring Wheat,Price Received,7.53
2014,OREGON,Spring Wheat,Price Received,7.35
2014,OREGON,Spring Wheat,Price Received,7.24
2014,OREGON,Spring Wheat,Price Received,7.1
2014,OREGON,Spring Wheat,Price Received,7.6
2014,OREGON,Spring Wheat,Price Received,6.98
2014,OREGON,Spring Wheat,Price Received,7.61
2014,OREGON,Spring Wheat,Price Received,7.64
2013,OREGON,Spring Wheat,Price Received,7.29
2013,OREGON,Spring Wheat,Price Received,8.54
2013,OREGON,Spring Wheat,Price Received, (D)
2013,OREGON,Spring Wheat,Price Received,8.45
2013,OREGON,Spring Wheat,Price Received,8.52
2013,OREGON,Spring Wheat,Price Received,8.06
2013,OREGON,Spring Wheat,Price Received,7.43
2013,OREGON,Spring Wheat,Price Received,7.67
2013,OREGON,Spring Wheat,Price Received,7.28
2013,OREGON,Spring Wheat,Price Received,7.28
2013,OREGON,Spring Wheat,Price Received,7.23
2013,OREGON,Spring Wheat,Price Received,7.44
2013,OREGON,Spring Wheat,Price Received,7.27
2012,OREGON,Spring Wheat,Price Received,8.44
2012,OREGON,Spring Wheat,Price Received,7.09
2012,OREGON,Spring Wheat,Price Received,6.82
2012,OREGON,Spring Wheat,Price Received,7.22
2012,OREGON,Spring Wheat,Price Received,7.63
2012,OREGON,Spring Wheat,Price Received,7.29
2012,OREGON,Spring Wheat,Price Received,6.88
2012,OREGON,Spring Wheat,Price Received,8.14
2012,OREGON,Spring Wheat,Price Received,8.3
2012,OREGON,Spring Wheat,Price Received,8.29
2012,OREGON,Spring Wheat,Price Received,8.02
2012,OREGON,Spring Wheat,Price Received,9.26
2012,OREGON,Spring Wheat,Price Received,8.28
2011,OREGON,Spring Wheat,Price Received,7.81
2011,OREGON,Spring Wheat,Price Received,6.97
2011,OREGON,Spring Wheat,Price Received,7.06
2011,OREGON,Spring Wheat,Price Received,8.22
2011,OREGON,Spring Wheat,Price Received,9.33
2011,OREGON,Spring Wheat,Price Received,9.17
2011,OREGON,Spring Wheat,Price Received,8.94
2011,OREGON,Spring Wheat,Price Received,7.21
2011,OREGON,Spring Wheat,Price Received,8.29
2011,OREGON,Spring Wheat,Price Received,8.94
2011,OREGON,Spring Wheat,Price Received,8.82
2011,OREGON,Spring Wheat,Price Received,7.57
2011,OREGON,Spring Wheat,Price Received,7.72
2010,OREGON,Spring Wheat,Price Received,7.1
2010,OREGON,Spring Wheat,Price Received,5.07
2010,OREGON,Spring Wheat,Price Received,5.29
2010,OREGON,Spring Wheat,Price Received,5.06
2010,OREGON,Spring Wheat,Price Received,4.8
2010,OREGON,Spring Wheat,Price Received,5.08
2010,OREGON,Spring Wheat,Price Received,5.14
2010,OREGON,Spring Wheat,Price Received,5.61
2010,OREGON,Spring Wheat,Price Received,6.64
2010,OREGON,Spring Wheat,Price Received,6.5
2010,OREGON,Spring Wheat,Price Received,6.77
2010,OREGON,Spring Wheat,Price Received,7.39
2010,OREGON,Spring Wheat,Price Received,6.94
2009,OREGON,Spring Wheat,Price Received,5.15
2009,OREGON,Spring Wheat,Price Received,6.81
2009,OREGON,Spring Wheat,Price Received,6.48
2009,OREGON,Spring Wheat,Price Received,6.92
2009,OREGON,Spring Wheat,Price Received,5.94
2009,OREGON,Spring Wheat,Price Received,6.28
2009,OREGON,Spring Wheat,Price Received,6.08
2009,OREGON,Spring Wheat,Price Received,5.85
2009,OREGON,Spring Wheat,Price Received,5.8
2009,OREGON,Spring Wheat,Price Received,5.09
2009,OREGON,Spring Wheat,Price Received,4.89
2009,OREGON,Spring Wheat,Price Received,4.31
2009,OREGON,Spring Wheat,Price Received,5.34
2008,OREGON,Spring Wheat,Price Received,7.48
2008,OREGON,Spring Wheat,Price Received,9.4
2008,OREGON,Spring Wheat,Price Received,15.8
2008,OREGON,Spring Wheat,Price Received,11.8
2008,OREGON,Spring Wheat,Price Received,11.6
2008,OREGON,Spring Wheat,Price Received,12.2
2008,OREGON,Spring Wheat,Price Received,9.02
2008,OREGON,Spring Wheat,Price Received,8.96
2008,OREGON,Spring Wheat,Price Received,8.9
2008,OREGON,Spring Wheat,Price Received,8.54
2008,OREGON,Spring Wheat,Price Received,7.2
2008,OREGON,Spring Wheat,Price Received,8.13
2008,OREGON,Spring Wheat,Price Received,7.11
2007,OREGON,Spring Wheat,Price Received,8.62
2007,OREGON,Spring Wheat,Price Received,4.96
2007,OREGON,Spring Wheat,Price Received,5
2007,OREGON,Spring Wheat,Price Received,5.19
2007,OREGON,Spring Wheat,Price Received,5.56
2007,OREGON,Spring Wheat,Price Received,5.58
2007,OREGON,Spring Wheat,Price Received,5.74
2007,OREGON,Spring Wheat,Price Received,6.07
2007,OREGON,Spring Wheat,Price Received,6.77
2007,OREGON,Spring Wheat,Price Received,7.54
2007,OREGON,Spring Wheat,Price Received,8.21
2007,OREGON,Spring Wheat,Price Received,9.08
2007,OREGON,Spring Wheat,Price Received,8.69
2006,OREGON,Spring Wheat,Price Received,4.9
2006,OREGON,Spring Wheat,Price Received,3.14
2006,OREGON,Spring Wheat,Price Received,3.81
2006,OREGON,Spring Wheat,Price Received,3.59
2006,OREGON,Spring Wheat,Price Received,3.71
2006,OREGON,Spring Wheat,Price Received,3.78
2006,OREGON,Spring Wheat,Price Received,4.85
2006,OREGON,Spring Wheat,Price Received,4.62
2006,OREGON,Spring Wheat,Price Received,4.85
2006,OREGON,Spring Wheat,Price Received,4.17
2006,OREGON,Spring Wheat,Price Received,5.07
2006,OREGON,Spring Wheat,Price Received,4.93
2006,OREGON,Spring Wheat,Price Received,4.45
2005,OREGON,Spring Wheat,Price Received,3.88
2005,OREGON,Spring Wheat,Price Received,4.01
2005,OREGON,Spring Wheat,Price Received,4.09
2005,OREGON,Spring Wheat,Price Received,3.75
2005,OREGON,Spring Wheat,Price Received,4.1
2005,OREGON,Spring Wheat,Price Received,3.96
2005,OREGON,Spring Wheat,Price Received,4.09
2005,OREGON,Spring Wheat,Price Received,4.21
2005,OREGON,Spring Wheat,Price Received,4.1
2005,OREGON,Spring Wheat,Price Received,3.72
2005,OREGON,Spring Wheat,Price Received,3.41
2005,OREGON,Spring Wheat,Price Received,3.4
2005,OREGON,Spring Wheat,Price Received,3.35
2004,OREGON,Spring Wheat,Price Received,3.97
2004,OREGON,Spring Wheat,Price Received,3.88
2004,OREGON,Spring Wheat,Price Received,4.08
2004,OREGON,Spring Wheat,Price Received,4.07
2004,OREGON,Spring Wheat,Price Received,4.22
2004,OREGON,Spring Wheat,Price Received,4.09
2004,OREGON,Spring Wheat,Price Received,4.13
2004,OREGON,Spring Wheat,Price Received,4.11
2004,OREGON,Spring Wheat,Price Received,3.67
2004,OREGON,Spring Wheat,Price Received,4
2004,OREGON,Spring Wheat,Price Received,3.94
2004,OREGON,Spring Wheat,Price Received,4.17
2004,OREGON,Spring Wheat,Price Received,3.91
2003,OREGON,Spring Wheat,Price Received,3.95
2003,OREGON,Spring Wheat,Price Received,3.95
2003,OREGON,Spring Wheat,Price Received,3.68
2003,OREGON,Spring Wheat,Price Received,3.5
2003,OREGON,Spring Wheat,Price Received,3.59
2003,OREGON,Spring Wheat,Price Received,3.13
2003,OREGON,Spring Wheat,Price Received,3.43
2003,OREGON,Spring Wheat,Price Received,4.26
2003,OREGON,Spring Wheat,Price Received,3.87
2003,OREGON,Spring Wheat,Price Received,3.81
2003,OREGON,Spring Wheat,Price Received,3.56
2003,OREGON,Spring Wheat,Price Received,3.84
2003,OREGON,Spring Wheat,Price Received,3.93
2002,OREGON,Spring Wheat,Price Received,3.93
2002,OREGON,Spring Wheat,Price Received,3.26
2002,OREGON,Spring Wheat,Price Received,3.33
2002,OREGON,Spring Wheat,Price Received,3.35
2002,OREGON,Spring Wheat,Price Received,3.09
2002,OREGON,Spring Wheat,Price Received,3.39
2002,OREGON,Spring Wheat,Price Received,3.31
2002,OREGON,Spring Wheat,Price Received,3.93
2002,OREGON,Spring Wheat,Price Received,3.97
2002,OREGON,Spring Wheat,Price Received,4.39
2002,OREGON,Spring Wheat,Price Received,4.5
2002,OREGON,Spring Wheat,Price Received,4.12
2002,OREGON,Spring Wheat,Price Received,4.35
2001,OREGON,Spring Wheat,Price Received,3.32
2001,OREGON,Spring Wheat,Price Received,2.69
2001,OREGON,Spring Wheat,Price Received,2.74
2001,OREGON,Spring Wheat,Price Received,3.06
2001,OREGON,Spring Wheat,Price Received,3.16
2001,OREGON,Spring Wheat,Price Received,3.09
2001,OREGON,Spring Wheat,Price Received,3.14
2001,OREGON,Spring Wheat,Price Received,3.09
2001,OREGON,Spring Wheat,Price Received,3.14
2001,OREGON,Spring Wheat,Price Received,3.32
2001,OREGON,Spring Wheat,Price Received,3.49
2001,OREGON,Spring Wheat,Price Received,3.42
2001,OREGON,Spring Wheat,Price Received,3.47
2000,OREGON,Spring Wheat,Price Received,2.75
2000,OREGON,Spring Wheat,Price Received,2.95
2000,OREGON,Spring Wheat,Price Received,2.91
2000,OREGON,Spring Wheat,Price Received,2.87
2000,OREGON,Spring Wheat,Price Received,2.6
2000,OREGON,Spring Wheat,Price Received,2.86
2000,OREGON,Spring Wheat,Price Received,2.71
2000,OREGON,Spring Wheat,Price Received,2.66
2000,OREGON,Spring Wheat,Price Received,2.57
2000,OREGON,Spring Wheat,Price Received,2.6
2000,OREGON,Spring Wheat,Price Received,2.8
2000,OREGON,Spring Wheat,Price Received,2.91
2000,OREGON,Spring Wheat,Price Received,2.93
2015,SOUTH DAKOTA,Spring Wheat,Price Received,4.8
2015,SOUTH DAKOTA,Spring Wheat,Price Received,5.89
2015,SOUTH DAKOTA,Spring Wheat,Price Received,5.59
2015,SOUTH DAKOTA,Spring Wheat,Price Received,5.63
2015,SOUTH DAKOTA,Spring Wheat,Price Received,5.66
2015,SOUTH DAKOTA,Spring Wheat,Price Received,5.23
2015,SOUTH DAKOTA,Spring Wheat,Price Received,5.39
2015,SOUTH DAKOTA,Spring Wheat,Price Received,5.39
2015,SOUTH DAKOTA,Spring Wheat,Price Received,4.75
2015,SOUTH DAKOTA,Spring Wheat,Price Received,4.67
2015,SOUTH DAKOTA,Spring Wheat,Price Received,4.66
2015,SOUTH DAKOTA,Spring Wheat,Price Received,4.78
2015,SOUTH DAKOTA,Spring Wheat,Price Received,4.83
2014,SOUTH DAKOTA,Spring Wheat,Price Received,5.59
2014,SOUTH DAKOTA,Spring Wheat,Price Received,6.53
2014,SOUTH DAKOTA,Spring Wheat,Price Received,6.79
2014,SOUTH DAKOTA,Spring Wheat,Price Received,7.19
2014,SOUTH DAKOTA,Spring Wheat,Price Received,7.16
2014,SOUTH DAKOTA,Spring Wheat,Price Received,7.37
2014,SOUTH DAKOTA,Spring Wheat,Price Received,6.9
2014,SOUTH DAKOTA,Spring Wheat,Price Received,6.56
2014,SOUTH DAKOTA,Spring Wheat,Price Received,5.66
2014,SOUTH DAKOTA,Spring Wheat,Price Received,5.24
2014,SOUTH DAKOTA,Spring Wheat,Price Received,5.25
2014,SOUTH DAKOTA,Spring Wheat,Price Received,5.54
2014,SOUTH DAKOTA,Spring Wheat,Price Received,5.92
2013,SOUTH DAKOTA,Spring Wheat,Price Received,6.89
2013,SOUTH DAKOTA,Spring Wheat,Price Received,8.09
2013,SOUTH DAKOTA,Spring Wheat,Price Received,8.11
2013,SOUTH DAKOTA,Spring Wheat,Price Received,7.92
2013,SOUTH DAKOTA,Spring Wheat,Price Received,7.86
2013,SOUTH DAKOTA,Spring Wheat,Price Received,8.02
2013,SOUTH DAKOTA,Spring Wheat,Price Received,8.02
2013,SOUTH DAKOTA,Spring Wheat,Price Received,7.35
2013,SOUTH DAKOTA,Spring Wheat,Price Received,6.85
2013,SOUTH DAKOTA,Spring Wheat,Price Received,6.67
2013,SOUTH DAKOTA,Spring Wheat,Price Received,7.02
2013,SOUTH DAKOTA,Spring Wheat,Price Received,6.78
2013,SOUTH DAKOTA,Spring Wheat,Price Received,6.6
2012,SOUTH DAKOTA,Spring Wheat,Price Received,8.33
2012,SOUTH DAKOTA,Spring Wheat,Price Received,8.3
2012,SOUTH DAKOTA,Spring Wheat,Price Received,8.21
2012,SOUTH DAKOTA,Spring Wheat,Price Received,8.11
2012,SOUTH DAKOTA,Spring Wheat,Price Received,8.13
2012,SOUTH DAKOTA,Spring Wheat,Price Received,7.74
2012,SOUTH DAKOTA,Spring Wheat,Price Received,7.86
2012,SOUTH DAKOTA,Spring Wheat,Price Received,8.68
2012,SOUTH DAKOTA,Spring Wheat,Price Received,8.38
2012,SOUTH DAKOTA,Spring Wheat,Price Received,8.43
2012,SOUTH DAKOTA,Spring Wheat,Price Received,8.51
2012,SOUTH DAKOTA,Spring Wheat,Price Received,8.74
2012,SOUTH DAKOTA,Spring Wheat,Price Received,8.58
2011,SOUTH DAKOTA,Spring Wheat,Price Received,8.42
2011,SOUTH DAKOTA,Spring Wheat,Price Received,8.03
2011,SOUTH DAKOTA,Spring Wheat,Price Received,8.51
2011,SOUTH DAKOTA,Spring Wheat,Price Received,9.26
2011,SOUTH DAKOTA,Spring Wheat,Price Received,10
2011,SOUTH DAKOTA,Spring Wheat,Price Received,10.3
2011,SOUTH DAKOTA,Spring Wheat,Price Received,10.1
2011,SOUTH DAKOTA,Spring Wheat,Price Received,9.32
2011,SOUTH DAKOTA,Spring Wheat,Price Received,8.49
2011,SOUTH DAKOTA,Spring Wheat,Price Received,8.39
2011,SOUTH DAKOTA,Spring Wheat,Price Received,8.4
2011,SOUTH DAKOTA,Spring Wheat,Price Received,8.89
2011,SOUTH DAKOTA,Spring Wheat,Price Received,8.52
2010,SOUTH DAKOTA,Spring Wheat,Price Received,7.4
2010,SOUTH DAKOTA,Spring Wheat,Price Received,5.8
2010,SOUTH DAKOTA,Spring Wheat,Price Received,5.44
2010,SOUTH DAKOTA,Spring Wheat,Price Received,5.72
2010,SOUTH DAKOTA,Spring Wheat,Price Received,5.71
2010,SOUTH DAKOTA,Spring Wheat,Price Received,5.27
2010,SOUTH DAKOTA,Spring Wheat,Price Received,5.26
2010,SOUTH DAKOTA,Spring Wheat,Price Received,5.26
2010,SOUTH DAKOTA,Spring Wheat,Price Received,5.78
2010,SOUTH DAKOTA,Spring Wheat,Price Received,6.44
2010,SOUTH DAKOTA,Spring Wheat,Price Received,6.59
2010,SOUTH DAKOTA,Spring Wheat,Price Received,6.62
2010,SOUTH DAKOTA,Spring Wheat,Price Received,7.27
2009,SOUTH DAKOTA,Spring Wheat,Price Received,5.42
2009,SOUTH DAKOTA,Spring Wheat,Price Received,7.07
2009,SOUTH DAKOTA,Spring Wheat,Price Received,6.6
2009,SOUTH DAKOTA,Spring Wheat,Price Received,6.66
2009,SOUTH DAKOTA,Spring Wheat,Price Received,6.74
2009,SOUTH DAKOTA,Spring Wheat,Price Received,7.1
2009,SOUTH DAKOTA,Spring Wheat,Price Received,6.86
2009,SOUTH DAKOTA,Spring Wheat,Price Received,5.77
2009,SOUTH DAKOTA,Spring Wheat,Price Received,5.37
2009,SOUTH DAKOTA,Spring Wheat,Price Received,5.08
2009,SOUTH DAKOTA,Spring Wheat,Price Received,5.23
2009,SOUTH DAKOTA,Spring Wheat,Price Received,5.62
2009,SOUTH DAKOTA,Spring Wheat,Price Received,5.76
2008,SOUTH DAKOTA,Spring Wheat,Price Received,7.46
2008,SOUTH DAKOTA,Spring Wheat,Price Received,7.85
2008,SOUTH DAKOTA,Spring Wheat,Price Received,10.3
2008,SOUTH DAKOTA,Spring Wheat,Price Received,11.7
2008,SOUTH DAKOTA,Spring Wheat,Price Received,12.7
2008,SOUTH DAKOTA,Spring Wheat,Price Received,12
2008,SOUTH DAKOTA,Spring Wheat,Price Received,10.3
2008,SOUTH DAKOTA,Spring Wheat,Price Received,7.9
2008,SOUTH DAKOTA,Spring Wheat,Price Received,8.06
2008,SOUTH DAKOTA,Spring Wheat,Price Received,7.37
2008,SOUTH DAKOTA,Spring Wheat,Price Received,6.97
2008,SOUTH DAKOTA,Spring Wheat,Price Received,6.97
2008,SOUTH DAKOTA,Spring Wheat,Price Received,6.52
2007,SOUTH DAKOTA,Spring Wheat,Price Received,6.77
2007,SOUTH DAKOTA,Spring Wheat,Price Received,4.7
2007,SOUTH DAKOTA,Spring Wheat,Price Received,4.81
2007,SOUTH DAKOTA,Spring Wheat,Price Received,4.77
2007,SOUTH DAKOTA,Spring Wheat,Price Received,4.78
2007,SOUTH DAKOTA,Spring Wheat,Price Received,4.92
2007,SOUTH DAKOTA,Spring Wheat,Price Received,5.17
2007,SOUTH DAKOTA,Spring Wheat,Price Received,5.35
2007,SOUTH DAKOTA,Spring Wheat,Price Received,5.34
2007,SOUTH DAKOTA,Spring Wheat,Price Received,5.92
2007,SOUTH DAKOTA,Spring Wheat,Price Received,6.58
2007,SOUTH DAKOTA,Spring Wheat,Price Received,7.12
2007,SOUTH DAKOTA,Spring Wheat,Price Received,7.59
2006,SOUTH DAKOTA,Spring Wheat,Price Received,4.52
2006,SOUTH DAKOTA,Spring Wheat,Price Received,3.85
2006,SOUTH DAKOTA,Spring Wheat,Price Received,3.98
2006,SOUTH DAKOTA,Spring Wheat,Price Received,3.96
2006,SOUTH DAKOTA,Spring Wheat,Price Received,4.11
2006,SOUTH DAKOTA,Spring Wheat,Price Received,4.24
2006,SOUTH DAKOTA,Spring Wheat,Price Received,4.17
2006,SOUTH DAKOTA,Spring Wheat,Price Received,4.42
2006,SOUTH DAKOTA,Spring Wheat,Price Received,3.97
2006,SOUTH DAKOTA,Spring Wheat,Price Received,4.15
2006,SOUTH DAKOTA,Spring Wheat,Price Received,4.42
2006,SOUTH DAKOTA,Spring Wheat,Price Received,4.75
2006,SOUTH DAKOTA,Spring Wheat,Price Received,4.62
2005,SOUTH DAKOTA,Spring Wheat,Price Received,3.82
2005,SOUTH DAKOTA,Spring Wheat,Price Received,3.54
2005,SOUTH DAKOTA,Spring Wheat,Price Received,3.67
2005,SOUTH DAKOTA,Spring Wheat,Price Received,3.59
2005,SOUTH DAKOTA,Spring Wheat,Price Received,3.41
2005,SOUTH DAKOTA,Spring Wheat,Price Received,3.37
2005,SOUTH DAKOTA,Spring Wheat,Price Received,3.78
2005,SOUTH DAKOTA,Spring Wheat,Price Received,3.57
2005,SOUTH DAKOTA,Spring Wheat,Price Received,3.56
2005,SOUTH DAKOTA,Spring Wheat,Price Received,3.77
2005,SOUTH DAKOTA,Spring Wheat,Price Received,3.92
2005,SOUTH DAKOTA,Spring Wheat,Price Received,3.94
2005,SOUTH DAKOTA,Spring Wheat,Price Received,3.92
2004,SOUTH DAKOTA,Spring Wheat,Price Received,3.49
2004,SOUTH DAKOTA,Spring Wheat,Price Received,3.73
2004,SOUTH DAKOTA,Spring Wheat,Price Received,3.86
2004,SOUTH DAKOTA,Spring Wheat,Price Received,3.9
2004,SOUTH DAKOTA,Spring Wheat,Price Received,3.93
2004,SOUTH DAKOTA,Spring Wheat,Price Received,4.01
2004,SOUTH DAKOTA,Spring Wheat,Price Received,3.85
2004,SOUTH DAKOTA,Spring Wheat,Price Received,3.37
2004,SOUTH DAKOTA,Spring Wheat,Price Received,3.17
2004,SOUTH DAKOTA,Spring Wheat,Price Received,3.45
2004,SOUTH DAKOTA,Spring Wheat,Price Received,3.6
2004,SOUTH DAKOTA,Spring Wheat,Price Received,3.7
2004,SOUTH DAKOTA,Spring Wheat,Price Received,3.64
2003,SOUTH DAKOTA,Spring Wheat,Price Received,3.58
2003,SOUTH DAKOTA,Spring Wheat,Price Received,3.96
2003,SOUTH DAKOTA,Spring Wheat,Price Received,3.91
2003,SOUTH DAKOTA,Spring Wheat,Price Received,3.71
2003,SOUTH DAKOTA,Spring Wheat,Price Received,3.45
2003,SOUTH DAKOTA,Spring Wheat,Price Received,3.61
2003,SOUTH DAKOTA,Spring Wheat,Price Received,3.5
2003,SOUTH DAKOTA,Spring Wheat,Price Received,3.33
2003,SOUTH DAKOTA,Spring Wheat,Price Received,3.29
2003,SOUTH DAKOTA,Spring Wheat,Price Received,3.25
2003,SOUTH DAKOTA,Spring Wheat,Price Received,3.46
2003,SOUTH DAKOTA,Spring Wheat,Price Received,3.64
2003,SOUTH DAKOTA,Spring Wheat,Price Received,3.76
2002,SOUTH DAKOTA,Spring Wheat,Price Received,3.86
2002,SOUTH DAKOTA,Spring Wheat,Price Received,2.79
2002,SOUTH DAKOTA,Spring Wheat,Price Received,2.82
2002,SOUTH DAKOTA,Spring Wheat,Price Received,2.83
2002,SOUTH DAKOTA,Spring Wheat,Price Received,2.84
2002,SOUTH DAKOTA,Spring Wheat,Price Received,2.86
2002,SOUTH DAKOTA,Spring Wheat,Price Received,2.98
2002,SOUTH DAKOTA,Spring Wheat,Price Received,3.35
2002,SOUTH DAKOTA,Spring Wheat,Price Received,3.78
2002,SOUTH DAKOTA,Spring Wheat,Price Received,4.4
2002,SOUTH DAKOTA,Spring Wheat,Price Received,4.61
2002,SOUTH DAKOTA,Spring Wheat,Price Received,4.46
2002,SOUTH DAKOTA,Spring Wheat,Price Received,4.24
2001,SOUTH DAKOTA,Spring Wheat,Price Received,2.82
2001,SOUTH DAKOTA,Spring Wheat,Price Received,2.99
2001,SOUTH DAKOTA,Spring Wheat,Price Received,3.01
2001,SOUTH DAKOTA,Spring Wheat,Price Received,2.98
2001,SOUTH DAKOTA,Spring Wheat,Price Received,2.99
2001,SOUTH DAKOTA,Spring Wheat,Price Received,3.09
2001,SOUTH DAKOTA,Spring Wheat,Price Received,3.04
2001,SOUTH DAKOTA,Spring Wheat,Price Received,2.78
2001,SOUTH DAKOTA,Spring Wheat,Price Received,2.73
2001,SOUTH DAKOTA,Spring Wheat,Price Received,2.83
2001,SOUTH DAKOTA,Spring Wheat,Price Received,2.92
2001,SOUTH DAKOTA,Spring Wheat,Price Received,2.9
2001,SOUTH DAKOTA,Spring Wheat,Price Received,2.85
2000,SOUTH DAKOTA,Spring Wheat,Price Received,2.81
2000,SOUTH DAKOTA,Spring Wheat,Price Received,2.7
2000,SOUTH DAKOTA,Spring Wheat,Price Received,2.78
2000,SOUTH DAKOTA,Spring Wheat,Price Received,2.81
2000,SOUTH DAKOTA,Spring Wheat,Price Received,2.88
2000,SOUTH DAKOTA,Spring Wheat,Price Received,2.88
2000,SOUTH DAKOTA,Spring Wheat,Price Received,2.82
2000,SOUTH DAKOTA,Spring Wheat,Price Received,2.76
2000,SOUTH DAKOTA,Spring Wheat,Price Received,2.7
2000,SOUTH DAKOTA,Spring Wheat,Price Received,2.6
2000,SOUTH DAKOTA,Spring Wheat,Price Received,2.76
2000,SOUTH DAKOTA,Spring Wheat,Price Received,2.91
2000,SOUTH DAKOTA,Spring Wheat,Price Received,2.86
2015,UTAH,Spring Wheat,Price Received,8
2014,UTAH,Spring Wheat,Price Received,8.58
2013,UTAH,Spring Wheat,Price Received,8.66
2012,UTAH,Spring Wheat,Price Received,11.5
2011,UTAH,Spring Wheat,Price Received,10.9
2010,UTAH,Spring Wheat,Price Received,9.27
2009,UTAH,Spring Wheat,Price Received,8.69
2008,UTAH,Spring Wheat,Price Received,11.3
2007,UTAH,Spring Wheat,Price Received,7.35
2006,UTAH,Spring Wheat,Price Received,4.25
2005,UTAH,Spring Wheat,Price Received,3.75
2004,UTAH,Spring Wheat,Price Received,4.05
2003,UTAH,Spring Wheat,Price Received,4.55
2002,UTAH,Spring Wheat,Price Received,5.05
2001,UTAH,Spring Wheat,Price Received,3.3
2000,UTAH,Spring Wheat,Price Received,3.55
2015,WASHINGTON,Spring Wheat,Price Received,5.8
2015,WASHINGTON,Spring Wheat,Price Received,7.25
2015,WASHINGTON,Spring Wheat,Price Received,6.82
2015,WASHINGTON,Spring Wheat,Price Received,6.79
2015,WASHINGTON,Spring Wheat,Price Received,6.82
2015,WASHINGTON,Spring Wheat,Price Received,5.92
2015,WASHINGTON,Spring Wheat,Price Received,5.86
2015,WASHINGTON,Spring Wheat,Price Received,6.53
2015,WASHINGTON,Spring Wheat,Price Received,6.01
2015,WASHINGTON,Spring Wheat,Price Received,5.59
2015,WASHINGTON,Spring Wheat,Price Received,5.93
2015,WASHINGTON,Spring Wheat,Price Received,5.82
2015,WASHINGTON,Spring Wheat,Price Received,5.59
2014,WASHINGTON,Spring Wheat,Price Received,7.22
2014,WASHINGTON,Spring Wheat,Price Received,7.49
2014,WASHINGTON,Spring Wheat,Price Received,7.25
2014,WASHINGTON,Spring Wheat,Price Received,7.48
2014,WASHINGTON,Spring Wheat,Price Received,7.55
2014,WASHINGTON,Spring Wheat,Price Received,7.75
2014,WASHINGTON,Spring Wheat,Price Received,7.12
2014,WASHINGTON,Spring Wheat,Price Received,7.05
2014,WASHINGTON,Spring Wheat,Price Received,7.12
2014,WASHINGTON,Spring Wheat,Price Received,7.74
2014,WASHINGTON,Spring Wheat,Price Received,7.38
2014,WASHINGTON,Spring Wheat,Price Received,7.43
2014,WASHINGTON,Spring Wheat,Price Received,7.45
2013,WASHINGTON,Spring Wheat,Price Received,7.34
2013,WASHINGTON,Spring Wheat,Price Received,8.69
2013,WASHINGTON,Spring Wheat,Price Received,8.27
2013,WASHINGTON,Spring Wheat,Price Received,8.53
2013,WASHINGTON,Spring Wheat,Price Received,8.37
2013,WASHINGTON,Spring Wheat,Price Received,8.08
2013,WASHINGTON,Spring Wheat,Price Received,7.86
2013,WASHINGTON,Spring Wheat,Price Received,7.53
2013,WASHINGTON,Spring Wheat,Price Received,7.48
2013,WASHINGTON,Spring Wheat,Price Received,7.03
2013,WASHINGTON,Spring Wheat,Price Received,7.21
2013,WASHINGTON,Spring Wheat,Price Received,7.09
2013,WASHINGTON,Spring Wheat,Price Received,7.3
2012,WASHINGTON,Spring Wheat,Price Received,8.51
2012,WASHINGTON,Spring Wheat,Price Received,7.75
2012,WASHINGTON,Spring Wheat,Price Received,7.68
2012,WASHINGTON,Spring Wheat,Price Received,7.68
2012,WASHINGTON,Spring Wheat,Price Received,8.23
2012,WASHINGTON,Spring Wheat,Price Received,8.04
2012,WASHINGTON,Spring Wheat,Price Received,7.83
2012,WASHINGTON,Spring Wheat,Price Received,8.46
2012,WASHINGTON,Spring Wheat,Price Received,8.35
2012,WASHINGTON,Spring Wheat,Price Received,8.54
2012,WASHINGTON,Spring Wheat,Price Received,8.79
2012,WASHINGTON,Spring Wheat,Price Received,8.8
2012,WASHINGTON,Spring Wheat,Price Received,8.72
2011,WASHINGTON,Spring Wheat,Price Received,8.08
2011,WASHINGTON,Spring Wheat,Price Received,7.03
2011,WASHINGTON,Spring Wheat,Price Received,8.69
2011,WASHINGTON,Spring Wheat,Price Received,9.23
2011,WASHINGTON,Spring Wheat,Price Received,8.87
2011,WASHINGTON,Spring Wheat,Price Received,9.38
2011,WASHINGTON,Spring Wheat,Price Received,9.38
2011,WASHINGTON,Spring Wheat,Price Received,7.28
2011,WASHINGTON,Spring Wheat,Price Received,8.59
2011,WASHINGTON,Spring Wheat,Price Received,8.32
2011,WASHINGTON,Spring Wheat,Price Received,8.15
2011,WASHINGTON,Spring Wheat,Price Received,8.03
2011,WASHINGTON,Spring Wheat,Price Received,7.62
2010,WASHINGTON,Spring Wheat,Price Received,7.15
2010,WASHINGTON,Spring Wheat,Price Received,5.78
2010,WASHINGTON,Spring Wheat,Price Received,5.74
2010,WASHINGTON,Spring Wheat,Price Received,5.73
2010,WASHINGTON,Spring Wheat,Price Received,5.29
2010,WASHINGTON,Spring Wheat,Price Received,5.26
2010,WASHINGTON,Spring Wheat,Price Received,5.04
2010,WASHINGTON,Spring Wheat,Price Received,5.26
2010,WASHINGTON,Spring Wheat,Price Received,6.03
2010,WASHINGTON,Spring Wheat,Price Received,6.5
2010,WASHINGTON,Spring Wheat,Price Received,6.24
2010,WASHINGTON,Spring Wheat,Price Received,6.69
2010,WASHINGTON,Spring Wheat,Price Received,6.97
2009,WASHINGTON,Spring Wheat,Price Received,5.74
2009,WASHINGTON,Spring Wheat,Price Received,6.75
2009,WASHINGTON,Spring Wheat,Price Received,6.22
2009,WASHINGTON,Spring Wheat,Price Received,6.42
2009,WASHINGTON,Spring Wheat,Price Received,6.47
2009,WASHINGTON,Spring Wheat,Price Received,6.49
2009,WASHINGTON,Spring Wheat,Price Received,6.22
2009,WASHINGTON,Spring Wheat,Price Received,6.06
2009,WASHINGTON,Spring Wheat,Price Received,6.82
2009,WASHINGTON,Spring Wheat,Price Received,5.14
2009,WASHINGTON,Spring Wheat,Price Received,5.24
2009,WASHINGTON,Spring Wheat,Price Received,5.93
2009,WASHINGTON,Spring Wheat,Price Received,5.65
2008,WASHINGTON,Spring Wheat,Price Received,7.1
2008,WASHINGTON,Spring Wheat,Price Received,8.67
2008,WASHINGTON,Spring Wheat,Price Received,14
2008,WASHINGTON,Spring Wheat,Price Received,12.7
2008,WASHINGTON,Spring Wheat,Price Received,11.6
2008,WASHINGTON,Spring Wheat,Price Received,10.6
2008,WASHINGTON,Spring Wheat,Price Received,10.1
2008,WASHINGTON,Spring Wheat,Price Received,8.84
2008,WASHINGTON,Spring Wheat,Price Received,8.9
2008,WASHINGTON,Spring Wheat,Price Received,8.16
2008,WASHINGTON,Spring Wheat,Price Received,7.23
2008,WASHINGTON,Spring Wheat,Price Received,7.1
2008,WASHINGTON,Spring Wheat,Price Received,6.52
2007,WASHINGTON,Spring Wheat,Price Received,7.89
2007,WASHINGTON,Spring Wheat,Price Received,4.84
2007,WASHINGTON,Spring Wheat,Price Received,5.24
2007,WASHINGTON,Spring Wheat,Price Received,5.29
2007,WASHINGTON,Spring Wheat,Price Received,5.54
2007,WASHINGTON,Spring Wheat,Price Received,5.52
2007,WASHINGTON,Spring Wheat,Price Received,5.69
2007,WASHINGTON,Spring Wheat,Price Received,5.25
2007,WASHINGTON,Spring Wheat,Price Received,5.76
2007,WASHINGTON,Spring Wheat,Price Received,7.18
2007,WASHINGTON,Spring Wheat,Price Received,8.63
2007,WASHINGTON,Spring Wheat,Price Received,7.97
2007,WASHINGTON,Spring Wheat,Price Received,8.84
2006,WASHINGTON,Spring Wheat,Price Received,4.74
2006,WASHINGTON,Spring Wheat,Price Received,3.57
2006,WASHINGTON,Spring Wheat,Price Received,3.56
2006,WASHINGTON,Spring Wheat,Price Received,3.7
2006,WASHINGTON,Spring Wheat,Price Received,3.74
2006,WASHINGTON,Spring Wheat,Price Received,3.49
2006,WASHINGTON,Spring Wheat,Price Received,3.97
2006,WASHINGTON,Spring Wheat,Price Received,4.51
2006,WASHINGTON,Spring Wheat,Price Received,4.12
2006,WASHINGTON,Spring Wheat,Price Received,4.27
2006,WASHINGTON,Spring Wheat,Price Received,4.77
2006,WASHINGTON,Spring Wheat,Price Received,4.87
2006,WASHINGTON,Spring Wheat,Price Received,4.79
2005,WASHINGTON,Spring Wheat,Price Received,3.7
2005,WASHINGTON,Spring Wheat,Price Received,4.2
2005,WASHINGTON,Spring Wheat,Price Received,3.95
2005,WASHINGTON,Spring Wheat,Price Received,3.98
2005,WASHINGTON,Spring Wheat,Price Received,3.8
2005,WASHINGTON,Spring Wheat,Price Received,3.83
2005,WASHINGTON,Spring Wheat,Price Received,3.85
2005,WASHINGTON,Spring Wheat,Price Received,3.81
2005,WASHINGTON,Spring Wheat,Price Received,3.75
2005,WASHINGTON,Spring Wheat,Price Received,3.76
2005,WASHINGTON,Spring Wheat,Price Received,3.56
2005,WASHINGTON,Spring Wheat,Price Received,3.89
2005,WASHINGTON,Spring Wheat,Price Received,3.42
2004,WASHINGTON,Spring Wheat,Price Received,3.99
2004,WASHINGTON,Spring Wheat,Price Received,3.89
2004,WASHINGTON,Spring Wheat,Price Received,4.16
2004,WASHINGTON,Spring Wheat,Price Received,4.1
2004,WASHINGTON,Spring Wheat,Price Received,4.34
2004,WASHINGTON,Spring Wheat,Price Received,4.48
2004,WASHINGTON,Spring Wheat,Price Received,4.11
2004,WASHINGTON,Spring Wheat,Price Received,3.9
2004,WASHINGTON,Spring Wheat,Price Received,4.14
2004,WASHINGTON,Spring Wheat,Price Received,3.93
2004,WASHINGTON,Spring Wheat,Price Received,3.79
2004,WASHINGTON,Spring Wheat,Price Received,4.07
2004,WASHINGTON,Spring Wheat,Price Received,3.81
2003,WASHINGTON,Spring Wheat,Price Received,3.95
2003,WASHINGTON,Spring Wheat,Price Received,4.04
2003,WASHINGTON,Spring Wheat,Price Received,3.88
2003,WASHINGTON,Spring Wheat,Price Received,3.75
2003,WASHINGTON,Spring Wheat,Price Received,3.86
2003,WASHINGTON,Spring Wheat,Price Received,3.6
2003,WASHINGTON,Spring Wheat,Price Received,3.74
2003,WASHINGTON,Spring Wheat,Price Received,3.68
2003,WASHINGTON,Spring Wheat,Price Received,4.01
2003,WASHINGTON,Spring Wheat,Price Received,3.78
2003,WASHINGTON,Spring Wheat,Price Received,3.91
2003,WASHINGTON,Spring Wheat,Price Received,3.91
2003,WASHINGTON,Spring Wheat,Price Received,3.75
2002,WASHINGTON,Spring Wheat,Price Received,4.03
2002,WASHINGTON,Spring Wheat,Price Received,3.42
2002,WASHINGTON,Spring Wheat,Price Received,3.45
2002,WASHINGTON,Spring Wheat,Price Received,3.29
2002,WASHINGTON,Spring Wheat,Price Received,3.29
2002,WASHINGTON,Spring Wheat,Price Received,3.37
2002,WASHINGTON,Spring Wheat,Price Received,3.28
2002,WASHINGTON,Spring Wheat,Price Received,3.56
2002,WASHINGTON,Spring Wheat,Price Received,3.89
2002,WASHINGTON,Spring Wheat,Price Received,4.41
2002,WASHINGTON,Spring Wheat,Price Received,4.43
2002,WASHINGTON,Spring Wheat,Price Received,4.29
2002,WASHINGTON,Spring Wheat,Price Received,4.28
2001,WASHINGTON,Spring Wheat,Price Received,3.38
2001,WASHINGTON,Spring Wheat,Price Received,2.91
2001,WASHINGTON,Spring Wheat,Price Received,3.16
2001,WASHINGTON,Spring Wheat,Price Received,3.12
2001,WASHINGTON,Spring Wheat,Price Received,3.36
2001,WASHINGTON,Spring Wheat,Price Received,3.24
2001,WASHINGTON,Spring Wheat,Price Received,3.31
2001,WASHINGTON,Spring Wheat,Price Received,3.26
2001,WASHINGTON,Spring Wheat,Price Received,3.49
2001,WASHINGTON,Spring Wheat,Price Received,3.23
2001,WASHINGTON,Spring Wheat,Price Received,3.38
2001,WASHINGTON,Spring Wheat,Price Received,3.54
2001,WASHINGTON,Spring Wheat,Price Received,3.44
2000,WASHINGTON,Spring Wheat,Price Received,2.96
2000,WASHINGTON,Spring Wheat,Price Received,3
2000,WASHINGTON,Spring Wheat,Price Received,2.59
2000,WASHINGTON,Spring Wheat,Price Received,2.92
2000,WASHINGTON,Spring Wheat,Price Received,2.92
2000,WASHINGTON,Spring Wheat,Price Received,2.89
2000,WASHINGTON,Spring Wheat,Price Received,2.63
2000,WASHINGTON,Spring Wheat,Price Received,3.03
2000,WASHINGTON,Spring Wheat,Price Received,2.74
2000,WASHINGTON,Spring Wheat,Price Received,2.64
2000,WASHINGTON,Spring Wheat,Price Received,2.97
2000,WASHINGTON,Spring Wheat,Price Received,3.13
2000,WASHINGTON,Spring Wheat,Price Received,3.1
2008,WISCONSIN,Spring Wheat,Price Received,6.37
2007,WISCONSIN,Spring Wheat,Price Received,6.05
2006,WISCONSIN,Spring Wheat,Price Received,4.05
2005,WISCONSIN,Spring Wheat,Price Received,3.3
2004,WISCONSIN,Spring Wheat,Price Received,3.1
2003,WISCONSIN,Spring Wheat,Price Received,3.55
2002,WISCONSIN,Spring Wheat,Price Received,3.1
2001,WISCONSIN,Spring Wheat,Price Received,2.3
2000,WISCONSIN,Spring Wheat,Price Received,2.07
2008,WYOMING,Spring Wheat,Price Received,7.22
2007,WYOMING,Spring Wheat,Price Received,6.7
2006,WYOMING,Spring Wheat,Price Received,3.8
2005,WYOMING,Spring Wheat,Price Received,3.19
2004,WYOMING,Spring Wheat,Price Received,3.25
2003,WYOMING,Spring Wheat,Price Received,3.15
2002,WYOMING,Spring Wheat,Price Received,3.9
2001,WYOMING,Spring Wheat,Price Received,2.9
2000,WYOMING,Spring Wheat,Price Received,2.7
